Customer_ID,Gender,Age,Membership_Type,Items_Purchased,Total_Spend,Discount_Applied,Days_Since_Last_Purchase,Average_Rating,Satisfaction_Score,Region
1,Male,64,Basic,3,808.12,0,39,3,0.16,North
2,Female,64,Silver,4,662.06,0,76,2,0.4,West
3,Male,21,Basic,3,710.38,1,78,3,0.35,East
4,Male,24,Silver,7,527.39,0,7,5,0.9,West
5,Male,62,Basic,4,587.87,0,6,5,0.55,South
6,Female,52,Silver,3,835.17,0,87,5,0.63,South
7,Male,26,Basic,8,648.11,1,54,1,0.69,West
8,Male,25,Silver,3,949.52,0,83,5,0.53,South
9,Male,62,Platinum,4,570.63,1,85,4,0.77,East
10,Female,34,Gold,7,743.94,0,19,3,0.78,East
11,Male,34,Gold,5,766.41,0,47,4,0.35,West
12,Male,50,Silver,3,629.55,0,19,5,0.08,South
13,Male,49,Basic,10,804.34,0,34,3,0.99,East
14,Male,25,Basic,5,519.71,0,43,5,0.64,East
15,Female,36,Platinum,5,729.38,0,13,4,0.71,South
16,Male,55,Basic,2,444.1,1,36,4,0.76,North
17,Female,20,Basic,3,410.42,0,25,3,0.61,South
18,Female,22,Gold,3,605.9,0,56,1,0.47,West
19,Female,30,Basic,3,580.69,1,21,4,0.98,North
20,Male,64,Basic,0,433.88,1,34,4,0.73,West
21,Female,63,Platinum,2,714.75,1,25,4,0.85,East
22,Male,48,Gold,3,834.23,1,82,4,0.44,North
23,Female,33,Silver,5,551.43,1,11,5,0.9,West
24,Female,49,Platinum,4,756.14,0,19,3,0.73,West
25,Female,39,Silver,5,504.78,0,49,4,0.75,West
26,Female,46,Gold,3,570.08,1,49,4,0.09,North
27,Female,39,Basic,3,592.63,0,34,3,0.62,West
28,Female,60,Basic,2,725.08,0,2,5,0.34,North
29,Female,20,Silver,3,587.75,1,30,4,0.67,North
30,Female,27,Gold,4,300.3,0,38,2,0.57,West
31,Male,59,Silver,3,779.94,1,15,5,0.11,East
32,Male,38,Basic,3,617.07,1,75,5,0.53,South
33,Female,33,Basic,3,255.37,0,88,5,0.45,South
34,Female,29,Gold,6,813.09,1,60,3,0.78,North
35,Female,19,Basic,2,821.1,1,4,5,0.5,West
36,Male,58,Silver,2,438.16,0,83,2,0.48,South
37,Female,41,Basic,1,387.3,1,14,4,0.72,South
38,Male,52,Basic,4,771.42,0,81,3,0.67,West
39,Male,47,Silver,6,771.67,1,8,3,0.99,South
40,Male,47,Silver,6,672.3,0,77,5,0.35,West
41,Male,64,Basic,3,533.19,1,87,5,0.69,South
42,Male,52,Basic,9,481.23,1,11,5,0.17,East
43,Female,36,Gold,4,690.01,0,80,3,0.8,West
44,Female,25,Basic,2,503.86,0,50,5,0.79,South
45,Female,43,Silver,2,504.73,0,87,3,0.73,North
46,Female,57,Platinum,0,717.58,1,76,1,0.12,West
47,Female,24,Basic,5,747.37,0,38,4,0.99,South
48,Male,47,Platinum,3,825.13,1,24,3,0.94,East
49,Female,24,Basic,4,327.08,1,38,3,0.37,South
50,Female,20,Silver,4,525.18,0,62,5,0.58,North
51,Male,18,Basic,4,548.74,0,56,4,0.89,West
52,Female,53,Platinum,4,597.29,1,65,5,0.49,East
53,Male,42,Basic,2,409.22,1,17,4,0.6,South
54,Female,54,Basic,4,685.08,0,17,2,0.6,North
55,Male,18,Platinum,6,883.4,0,27,1,0.65,North
56,Female,32,Silver,5,421.15,1,89,5,0.58,North
57,Female,54,Silver,5,628.28,0,25,1,0.41,South
58,Male,30,Basic,2,788.24,1,76,4,0.54,East
59,Male,57,Gold,3,564.35,1,49,3,0.87,South
60,Male,25,Basic,3,490.01,0,58,4,0.86,East
61,Male,22,Basic,3,626.73,1,85,3,0.77,West
62,Male,26,Silver,3,710.07,0,1,1,0.41,East
63,Male,18,Basic,3,410.48,0,13,4,0.79,North
64,Male,53,Platinum,6,755.44,0,53,3,0.39,North
65,Male,52,Platinum,4,568.13,0,21,4,0.66,North
66,Female,19,Gold,4,499.92,0,1,5,0.57,South
67,Female,57,Gold,7,370.01,0,77,4,0.3,West
68,Male,40,Silver,0,502.04,0,31,3,0.45,East
69,Female,26,Basic,5,508.97,0,61,4,0.83,North
70,Female,51,Gold,5,420.75,1,87,5,0.91,West
71,Female,63,Basic,7,671.05,0,3,4,0.21,West
72,Female,31,Basic,2,622.06,1,75,4,0.46,South
73,Male,21,Gold,2,747.12,0,29,5,0.43,East
74,Female,47,Silver,4,707.22,0,48,5,0.49,West
75,Male,48,Gold,2,503.97,0,82,3,0.98,East
76,Female,55,Basic,4,552.89,0,62,5,0.52,South
77,Female,28,Silver,4,488.18,1,25,1,0.83,East
78,Female,52,Basic,2,360.52,0,34,5,0.66,South
79,Male,25,Silver,2,657.55,0,18,3,0.11,North
80,Female,20,Gold,7,624.87,0,65,3,0.7,East
81,Male,31,Silver,1,508.76,0,28,5,0.65,South
82,Female,30,Basic,7,720.8,1,4,3,0.76,West
83,Male,62,Basic,1,549.05,0,21,3,0.07,North
84,Female,49,Basic,4,784.91,1,70,4,0.24,West
85,Male,51,Silver,6,576.81,0,21,4,0.77,North
86,Male,62,Platinum,7,405.79,1,20,1,0.37,North
87,Female,36,Basic,4,828.38,0,41,4,0.91,East
88,Male,55,Gold,5,654.81,0,53,4,0.52,West
89,Female,33,Gold,4,458.0,1,62,3,0.0,West
90,Female,19,Silver,1,539.66,0,31,4,0.7,North
91,Female,57,Silver,3,475.57,1,25,3,0.51,North
92,Female,34,Gold,3,748.68,1,69,3,0.32,North
93,Female,51,Basic,2,287.67,1,72,4,0.02,South
94,Female,59,Basic,2,641.74,1,17,5,0.2,East
95,Female,33,Basic,6,342.3,0,79,4,0.16,North
96,Female,55,Platinum,6,317.2,1,20,2,0.58,East
97,Female,19,Platinum,5,661.58,0,45,4,0.77,North
98,Female,19,Gold,7,418.42,1,50,5,0.23,South
99,Female,43,Basic,7,704.59,1,51,4,0.7,North
100,Male,30,Silver,5,744.62,0,72,4,0.9,East
101,Male,64,Basic,3,532.94,0,78,5,0.62,North
102,Female,48,Basic,3,673.29,0,33,4,0.78,East
103,Female,51,Silver,5,821.04,1,29,5,0.2,West
104,Female,56,Platinum,5,456.24,0,22,4,0.07,East
105,Female,20,Platinum,2,729.25,0,67,3,0.37,South
106,Female,25,Silver,7,483.31,0,87,3,0.71,North
107,Female,40,Basic,4,600.51,0,3,4,0.69,West
108,Female,31,Basic,4,506.61,0,6,4,0.96,East
109,Female,44,Basic,3,512.16,1,40,3,0.63,West
110,Male,46,Gold,6,546.06,0,87,1,0.41,South
111,Female,56,Gold,4,510.13,0,76,5,0.8,West
112,Male,56,Basic,5,580.3,0,69,5,0.15,West
113,Female,18,Silver,2,775.29,0,5,4,0.81,East
114,Female,34,Basic,9,393.39,1,3,4,0.37,South
115,Male,58,Basic,4,664.29,0,4,3,0.15,North
116,Female,47,Silver,6,438.24,0,63,4,0.16,North
117,Male,30,Basic,4,447.41,1,88,3,0.98,North
118,Female,38,Silver,4,321.72,0,5,4,0.62,North
119,Female,36,Gold,9,761.47,0,61,4,0.17,North
120,Male,36,Silver,4,563.8,0,57,4,0.27,West
121,Female,42,Basic,3,465.15,0,42,3,0.37,North
122,Male,39,Basic,5,619.47,1,83,1,0.06,West
123,Female,48,Silver,1,547.65,1,56,5,0.11,East
124,Male,34,Basic,3,765.2,1,72,1,0.76,East
125,Male,40,Basic,5,447.33,1,28,3,0.79,South
126,Female,49,Silver,4,578.79,1,55,3,0.99,North
127,Female,27,Silver,3,727.57,1,38,3,0.07,West
128,Male,27,Gold,1,440.19,0,23,4,0.89,North
129,Female,53,Basic,3,530.81,0,7,4,0.32,West
130,Female,25,Gold,5,408.36,0,38,3,0.33,East
131,Female,37,Basic,5,469.75,0,77,2,0.13,South
132,Male,49,Basic,1,366.86,0,57,2,0.99,South
133,Male,31,Silver,4,440.9,1,85,4,0.98,South
134,Male,45,Silver,8,403.56,0,37,5,0.86,North
135,Male,63,Platinum,4,499.82,1,6,2,0.09,West
136,Male,41,Gold,1,745.81,0,10,4,0.84,North
137,Male,32,Platinum,5,642.0,0,27,5,0.63,South
138,Male,39,Platinum,7,794.57,0,57,3,0.13,North
139,Male,47,Silver,4,541.91,0,16,4,0.26,North
140,Male,21,Silver,5,465.44,1,59,4,0.69,North
141,Female,30,Silver,3,580.91,1,28,4,0.8,North
142,Male,40,Platinum,2,508.87,0,3,5,0.85,West
143,Female,25,Gold,7,661.6,1,57,3,0.54,West
144,Female,35,Basic,2,374.32,1,65,3,0.53,South
145,Female,29,Gold,4,589.15,0,67,4,0.68,South
146,Male,48,Basic,4,825.56,0,30,2,0.78,East
147,Male,31,Silver,4,461.83,0,19,3,0.17,West
148,Male,51,Basic,3,533.83,0,8,5,0.74,North
149,Male,35,Silver,3,340.92,1,62,4,0.34,West
150,Female,51,Gold,4,766.41,0,19,3,0.38,North
151,Male,28,Basic,2,585.27,0,36,3,0.08,North
152,Male,58,Basic,2,521.99,0,69,3,0.59,East
153,Male,29,Basic,5,607.11,1,60,3,0.09,East
154,Male,32,Silver,4,589.35,0,34,5,0.91,East
155,Male,48,Basic,3,494.88,0,55,5,0.62,East
156,Female,46,Basic,2,389.31,0,27,4,0.99,North
157,Male,43,Basic,7,623.09,1,39,2,0.25,North
158,Female,35,Silver,2,602.22,1,42,5,0.68,West
159,Male,49,Basic,1,541.84,1,42,5,0.96,North
160,Female,39,Gold,5,554.17,0,88,5,0.3,West
161,Male,55,Basic,5,762.09,0,48,4,0.1,West
162,Male,34,Silver,1,643.61,1,31,4,0.63,East
163,Female,40,Basic,4,401.1,1,22,4,0.37,West
164,Female,41,Silver,9,793.41,0,87,1,0.27,South
165,Female,25,Basic,4,702.11,0,41,4,0.99,South
166,Male,58,Gold,2,691.39,0,24,4,0.75,North
167,Female,23,Platinum,3,481.01,0,40,4,0.49,South
168,Male,22,Platinum,5,728.07,1,32,4,0.05,East
169,Male,61,Silver,5,627.08,0,51,4,0.19,East
170,Female,46,Silver,8,425.75,1,33,4,0.3,West
171,Female,45,Gold,0,643.17,0,28,2,0.49,North
172,Male,28,Silver,2,742.78,0,81,5,0.5,South
173,Male,18,Basic,2,685.23,0,82,4,0.02,North
174,Female,60,Gold,4,330.01,0,79,4,0.94,West
175,Female,36,Silver,7,659.93,1,63,3,0.54,East
176,Female,26,Basic,3,545.43,1,22,5,0.02,West
177,Male,44,Basic,7,317.25,1,18,4,0.7,South
178,Male,51,Basic,5,697.4,0,85,4,0.07,East
179,Male,61,Silver,5,702.45,0,83,5,0.72,South
180,Male,21,Basic,3,595.31,0,2,5,0.7,North
181,Male,53,Basic,4,447.04,0,89,4,0.98,East
182,Male,35,Basic,3,809.06,0,26,3,0.34,North
183,Female,32,Silver,9,682.15,0,39,5,0.14,East
184,Male,30,Gold,5,690.62,0,17,5,0.09,South
185,Male,36,Basic,4,738.23,0,16,2,0.07,South
186,Male,23,Basic,7,781.86,0,27,4,0.81,West
187,Female,29,Basic,10,648.43,1,49,4,0.72,West
188,Male,54,Platinum,3,429.24,0,3,2,0.98,East
189,Male,34,Silver,3,497.1,0,42,3,0.31,East
190,Female,40,Silver,1,522.07,1,63,4,0.8,East
191,Male,43,Basic,1,782.37,0,29,5,0.09,West
192,Male,46,Gold,6,632.24,1,2,1,0.9,South
193,Male,50,Silver,3,497.35,1,14,5,0.05,North
194,Male,44,Basic,6,570.13,0,12,5,0.79,North
195,Male,42,Basic,3,798.41,0,24,5,0.31,East
196,Female,27,Basic,4,692.17,0,28,3,0.18,North
197,Female,64,Gold,5,756.41,1,18,4,0.7,North
198,Female,40,Gold,1,432.66,1,89,3,0.9,North
199,Male,38,Silver,5,568.59,0,6,5,0.76,West
200,Male,38,Gold,3,503.85,0,30,4,0.31,West
201,Male,60,Basic,7,825.28,1,34,2,0.35,North
202,Female,30,Silver,6,579.33,1,83,3,0.19,South
203,Male,54,Silver,3,513.92,1,58,4,0.82,South
204,Male,50,Basic,2,299.07,1,28,5,0.11,West
205,Female,41,Gold,2,811.6,0,72,4,0.9,South
206,Male,61,Basic,4,818.89,1,75,4,0.6,East
207,Female,28,Basic,2,292.12,0,53,2,0.59,East
208,Female,34,Silver,2,631.88,0,16,5,0.84,South
209,Female,21,Silver,6,741.98,0,26,4,0.67,North
210,Male,64,Silver,6,671.56,1,65,5,0.3,South
211,Male,42,Basic,4,534.59,0,57,3,0.35,North
212,Male,47,Gold,6,458.07,1,31,4,0.17,North
213,Male,26,Silver,3,775.22,0,27,4,0.46,South
214,Male,38,Silver,1,715.6,1,49,2,0.11,East
215,Male,37,Platinum,5,695.68,0,9,3,0.65,North
216,Male,36,Gold,3,775.71,1,26,2,0.17,North
217,Female,36,Basic,4,927.93,1,6,3,0.86,West
218,Male,29,Gold,5,551.13,0,7,4,0.7,South
219,Female,54,Basic,7,551.42,0,13,3,0.89,West
220,Male,59,Basic,2,539.33,1,49,4,0.09,North
221,Male,34,Silver,4,461.6,0,10,4,0.8,North
222,Male,54,Platinum,2,779.16,0,43,4,0.88,West
223,Female,56,Basic,4,801.64,1,49,3,0.04,South
224,Female,45,Silver,3,759.81,1,18,4,1.0,West
225,Female,58,Basic,5,850.04,0,11,3,0.3,West
226,Female,52,Gold,6,615.21,0,10,3,0.21,North
227,Male,64,Silver,1,656.34,1,28,4,0.41,East
228,Female,35,Silver,3,697.87,1,85,2,0.01,East
229,Male,31,Basic,1,537.01,1,53,5,0.89,East
230,Male,52,Gold,5,439.49,0,54,5,0.27,South
231,Female,61,Platinum,6,621.76,1,25,4,0.52,West
232,Female,58,Silver,2,530.01,0,6,3,0.62,South
233,Female,24,Silver,4,925.36,0,11,4,0.79,East
234,Female,58,Platinum,2,376.58,0,33,4,0.25,South
235,Female,30,Basic,7,591.15,1,69,3,0.72,South
236,Female,35,Gold,2,643.4,1,46,3,0.12,South
237,Female,54,Gold,1,475.51,1,88,3,0.7,East
238,Female,30,Basic,3,531.13,1,77,3,0.92,South
239,Male,53,Silver,9,609.07,0,55,4,0.09,South
240,Female,48,Basic,6,426.02,0,70,5,0.12,East
241,Female,19,Silver,4,661.21,0,51,3,0.56,East
242,Male,33,Silver,4,836.65,0,25,2,0.05,South
243,Female,26,Basic,3,543.17,1,23,1,0.19,West
244,Male,26,Silver,4,715.21,0,50,3,0.19,South
245,Male,55,Basic,3,856.18,1,46,3,0.48,North
246,Female,28,Basic,6,751.01,0,77,3,0.25,East
247,Male,39,Basic,6,490.94,1,44,3,0.48,West
248,Male,50,Gold,5,369.35,0,13,4,0.52,North
249,Male,53,Basic,0,553.34,0,71,4,0.73,North
250,Male,62,Gold,2,608.86,0,48,5,0.95,North
251,Female,40,Silver,2,289.55,0,17,4,0.5,West
252,Male,62,Basic,4,604.2,0,73,3,0.36,North
253,Female,62,Gold,10,476.02,0,14,5,0.26,East
254,Male,51,Silver,3,582.15,0,30,3,0.63,West
255,Male,26,Silver,9,553.25,0,30,4,0.94,East
256,Male,41,Basic,11,568.99,1,33,2,0.76,West
257,Male,25,Basic,1,712.75,1,54,1,0.21,East
258,Female,24,Basic,4,450.1,0,57,4,0.89,West
259,Female,53,Basic,2,325.56,1,89,2,0.74,North
260,Male,35,Basic,4,724.45,1,31,3,0.13,East
261,Male,20,Basic,2,697.04,1,23,3,0.71,East
262,Female,45,Basic,1,680.71,0,52,5,0.29,East
263,Male,23,Basic,4,467.18,0,54,3,0.49,South
264,Male,61,Basic,3,691.63,1,47,4,0.3,North
265,Male,61,Basic,4,407.97,0,49,5,0.08,East
266,Female,38,Platinum,4,554.8,0,84,3,0.77,East
267,Female,45,Basic,7,827.58,0,56,5,0.83,West
268,Female,57,Silver,3,689.64,0,8,5,0.23,North
269,Male,18,Basic,4,589.06,1,22,5,0.24,North
270,Male,53,Platinum,3,578.4,1,62,3,0.43,East
271,Female,38,Basic,9,434.75,0,54,3,0.81,South
272,Female,60,Platinum,6,843.03,0,35,4,0.08,East
273,Female,52,Silver,7,751.62,0,88,2,0.81,South
274,Female,30,Basic,3,719.71,0,15,1,0.92,North
275,Male,27,Gold,5,586.08,0,5,3,0.56,North
276,Female,61,Silver,5,545.35,1,86,4,0.06,South
277,Male,64,Basic,6,486.09,0,17,2,0.27,North
278,Female,27,Gold,2,814.68,0,3,4,0.11,West
279,Male,63,Platinum,3,328.05,0,19,3,0.26,South
280,Female,30,Silver,1,684.99,0,81,4,0.81,West
281,Female,54,Basic,1,363.6,0,37,4,0.06,East
282,Female,55,Gold,6,569.59,0,21,2,0.28,East
283,Female,41,Silver,5,596.26,0,51,3,0.52,West
284,Male,19,Gold,0,408.02,1,54,3,0.87,North
285,Female,39,Silver,3,471.81,0,11,3,0.25,West
286,Male,34,Basic,7,709.32,0,65,4,0.78,North
287,Male,53,Platinum,3,821.79,1,30,5,0.58,West
288,Male,31,Basic,6,646.87,1,43,4,0.68,West
289,Male,27,Basic,8,496.9,0,36,5,0.86,North
290,Female,52,Silver,2,454.83,0,57,5,0.03,West
291,Male,42,Silver,2,488.92,1,26,4,0.53,South
292,Male,20,Basic,7,596.68,1,82,3,0.75,North
293,Male,64,Gold,3,638.69,0,60,5,0.88,East
294,Female,55,Basic,4,784.18,0,22,4,0.13,East
295,Female,34,Silver,3,589.02,0,24,5,0.34,West
296,Female,29,Gold,2,500.6,0,12,4,0.08,East
297,Female,41,Basic,4,430.89,1,75,5,0.83,South
298,Male,46,Basic,0,568.66,0,60,5,0.86,East
299,Male,60,Basic,8,352.72,0,21,5,0.48,East
300,Female,42,Platinum,5,509.34,0,80,4,0.02,North
301,Male,53,Basic,2,411.01,0,36,4,0.1,West
302,Male,43,Basic,4,561.09,0,7,5,0.62,East
303,Male,55,Silver,2,668.4,0,61,5,0.98,West
304,Female,18,Silver,2,657.04,1,53,3,0.84,North
305,Female,37,Basic,3,702.6,1,28,4,0.8,East
306,Male,45,Silver,6,461.29,0,24,4,0.42,East
307,Female,33,Basic,8,812.66,0,53,1,0.99,North
308,Female,64,Platinum,5,699.91,0,13,3,0.82,North
309,Female,34,Basic,5,694.42,1,78,3,0.34,East
310,Female,57,Basic,3,768.9,1,72,5,0.75,South
311,Female,45,Silver,1,626.48,0,1,3,0.43,West
312,Male,29,Basic,1,582.65,0,81,4,0.66,West
313,Female,44,Silver,6,802.26,1,41,5,0.97,West
314,Male,59,Basic,3,474.65,0,59,3,0.25,South
315,Male,64,Basic,5,568.26,1,13,2,0.8,West
316,Female,47,Gold,5,773.57,1,54,5,0.59,North
317,Male,58,Silver,2,568.69,1,47,4,0.95,North
318,Male,51,Silver,5,511.88,0,27,3,0.13,East
319,Male,54,Basic,7,458.34,0,77,5,0.72,South
320,Female,23,Basic,6,635.72,0,40,5,0.04,South
321,Female,24,Basic,3,535.68,1,32,5,0.25,East
322,Male,49,Basic,4,673.35,0,58,3,0.32,South
323,Female,49,Silver,5,846.27,0,76,3,0.43,West
324,Female,42,Gold,1,760.92,0,43,4,0.97,East
325,Female,50,Basic,4,251.41,0,52,3,0.07,West
326,Female,24,Basic,6,707.58,1,77,2,0.17,West
327,Male,29,Basic,7,718.12,1,80,2,0.2,East
328,Male,33,Basic,5,555.28,1,34,4,0.42,North
329,Female,33,Basic,3,786.62,1,6,3,0.06,East
330,Female,60,Platinum,1,644.23,0,48,1,0.97,South
331,Male,53,Silver,4,308.46,1,18,5,0.56,West
332,Male,30,Platinum,5,621.26,0,81,3,0.81,West
333,Female,24,Gold,3,559.27,0,39,3,0.77,South
334,Male,53,Silver,7,505.69,0,78,4,0.66,East
335,Female,64,Silver,5,654.42,1,7,4,0.9,North
336,Female,26,Basic,1,697.6,0,6,4,0.9,South
337,Male,49,Silver,11,700.38,1,76,1,0.13,North
338,Male,28,Platinum,1,704.93,1,53,1,0.9,West
339,Female,25,Basic,3,426.65,0,1,4,0.52,East
340,Female,50,Gold,3,440.78,0,29,5,0.27,East
341,Male,40,Basic,3,640.42,1,69,3,0.61,West
342,Female,42,Gold,4,761.71,0,85,4,0.28,South
343,Male,25,Platinum,1,653.03,1,85,3,0.48,West
344,Female,62,Silver,2,284.12,0,88,3,0.82,South
345,Male,39,Silver,3,682.06,1,49,2,0.03,West
346,Male,21,Silver,6,366.37,1,59,5,0.18,North
347,Male,57,Gold,6,702.84,0,13,3,0.96,East
348,Female,20,Platinum,3,516.35,0,45,3,0.45,North
349,Female,46,Gold,6,645.37,0,46,4,0.3,South
350,Male,58,Silver,3,915.55,0,23,3,0.92,South
351,Female,46,Silver,6,547.03,1,32,3,0.91,West
352,Male,51,Gold,5,486.8,0,72,2,0.04,North
353,Male,51,Silver,2,534.88,1,75,5,0.36,East
354,Female,45,Gold,3,374.62,1,13,3,0.91,South
355,Female,30,Silver,2,449.39,1,53,5,0.18,West
356,Male,32,Basic,3,759.8,0,20,3,0.58,East
357,Female,40,Basic,5,304.03,0,1,1,0.32,West
358,Female,61,Silver,4,505.87,1,57,5,0.74,South
359,Male,43,Basic,3,635.94,1,66,4,0.16,East
360,Male,21,Basic,1,538.57,0,11,3,0.6,West
361,Female,43,Silver,3,802.46,0,46,4,0.0,South
362,Male,57,Basic,6,574.98,0,30,3,0.25,West
363,Male,26,Basic,3,549.16,1,69,4,0.16,West
364,Female,22,Gold,1,622.38,1,7,4,0.21,West
365,Male,49,Platinum,4,640.76,0,24,2,0.86,East
366,Male,37,Gold,1,600.01,1,48,5,0.91,East
367,Female,28,Platinum,7,589.26,0,43,4,0.76,South
368,Female,32,Silver,5,306.91,1,79,3,0.59,West
369,Male,49,Basic,4,430.48,1,36,3,0.23,East
370,Male,45,Silver,5,686.56,1,74,5,0.27,East
371,Female,39,Gold,3,751.17,1,1,3,0.31,West
372,Female,58,Basic,2,791.6,0,7,4,0.78,South
373,Female,34,Basic,1,383.45,1,44,5,0.25,North
374,Female,43,Gold,1,474.39,1,61,4,0.97,West
375,Male,61,Basic,6,824.45,1,26,4,0.8,South
376,Female,24,Silver,4,542.86,0,30,3,1.0,North
377,Female,59,Basic,3,692.66,0,1,4,0.46,South
378,Male,43,Silver,6,1105.12,0,63,3,0.59,North
379,Female,42,Silver,4,757.47,0,15,5,0.28,North
380,Male,27,Basic,5,567.55,0,63,2,0.6,South
381,Female,62,Basic,3,578.87,0,55,3,0.97,East
382,Female,36,Silver,6,678.99,1,57,2,0.03,South
383,Female,28,Gold,4,311.91,1,20,3,0.29,North
384,Male,30,Gold,5,666.17,0,22,2,0.28,West
385,Male,25,Silver,7,558.49,0,89,5,0.98,North
386,Female,57,Gold,4,588.39,1,50,5,0.13,North
387,Male,21,Basic,3,615.87,0,36,4,0.81,South
388,Male,64,Basic,8,834.86,1,37,2,0.27,North
389,Male,48,Basic,3,638.47,1,46,3,0.86,West
390,Male,45,Silver,6,635.21,0,27,5,0.49,East
391,Male,28,Basic,6,707.26,1,19,2,0.24,West
392,Male,60,Basic,2,610.92,0,83,4,0.71,East
393,Female,18,Silver,1,699.25,0,16,3,0.84,West
394,Female,64,Gold,5,583.01,1,54,5,0.47,East
395,Male,55,Basic,4,774.5,1,85,3,0.71,South
396,Female,41,Basic,6,791.76,1,34,1,0.18,East
397,Female,64,Silver,4,700.89,1,79,4,0.94,South
398,Female,48,Silver,7,256.07,1,51,3,0.1,West
399,Female,58,Silver,5,626.29,1,36,4,0.22,North
400,Male,63,Basic,4,311.38,1,53,2,0.29,South
401,Female,43,Silver,2,657.23,1,62,4,0.15,East
402,Female,22,Gold,2,840.5,0,31,3,0.41,South
403,Male,37,Basic,6,771.37,1,89,4,0.46,South
404,Male,58,Platinum,5,559.69,0,4,5,0.52,South
405,Female,28,Basic,2,575.98,0,12,5,0.04,South
406,Female,50,Basic,1,324.19,0,53,5,0.22,North
407,Female,55,Silver,5,602.0,0,61,5,0.81,South
408,Female,44,Basic,2,569.29,0,19,4,0.81,West
409,Female,51,Basic,7,411.58,0,56,2,0.33,South
410,Female,32,Silver,4,452.82,0,9,4,0.46,South
411,Male,49,Gold,3,420.27,0,25,2,0.18,North
412,Female,38,Platinum,3,922.17,0,54,3,0.82,West
413,Female,63,Silver,4,617.91,1,47,4,0.96,North
414,Male,22,Basic,4,713.1,1,41,4,0.29,North
415,Male,23,Silver,2,737.39,0,51,3,0.78,West
416,Male,55,Silver,5,841.81,1,50,5,0.35,West
417,Male,39,Gold,8,837.07,0,7,5,0.0,South
418,Female,35,Gold,4,741.61,0,27,4,0.6,West
419,Female,31,Gold,6,371.78,1,48,4,0.41,South
420,Female,27,Silver,3,742.93,1,55,3,0.76,North
421,Female,63,Silver,3,540.06,1,63,5,0.75,South
422,Female,30,Basic,5,410.52,0,6,3,0.95,South
423,Female,48,Platinum,5,544.18,0,35,5,0.44,West
424,Male,47,Basic,3,622.97,0,32,5,0.48,North
425,Female,20,Basic,4,215.23,0,78,4,0.4,West
426,Male,47,Basic,4,660.09,0,6,5,0.3,North
427,Male,23,Gold,2,770.52,0,63,4,0.64,East
428,Female,46,Silver,3,613.01,0,18,5,0.83,North
429,Male,25,Silver,6,437.67,0,31,4,0.16,North
430,Female,61,Platinum,4,691.49,0,52,3,0.98,North
431,Male,62,Platinum,4,595.95,0,16,1,0.68,North
432,Female,60,Basic,4,861.22,0,56,4,0.78,South
433,Male,61,Basic,5,255.3,1,67,5,1.0,West
434,Female,50,Gold,3,213.65,1,62,5,0.5,North
435,Female,34,Platinum,6,585.14,0,81,5,0.07,South
436,Female,28,Silver,0,530.86,0,52,3,0.79,West
437,Female,30,Silver,3,640.41,0,5,3,0.87,South
438,Female,28,Basic,2,662.55,0,53,4,0.16,North
439,Male,48,Gold,6,827.93,0,80,4,0.02,West
440,Male,45,Silver,5,563.85,0,17,3,0.14,North
441,Male,61,Silver,5,667.48,0,31,4,0.32,East
442,Female,23,Basic,5,402.69,0,16,4,0.92,South
443,Male,58,Platinum,6,969.76,0,57,4,0.0,North
444,Female,33,Silver,5,765.9,1,21,4,0.8,West
445,Female,21,Basic,2,732.38,0,41,4,0.85,West
446,Male,52,Silver,5,478.94,1,39,3,0.81,South
447,Male,43,Silver,6,804.36,1,37,5,0.08,East
448,Female,29,Silver,7,751.99,0,41,3,0.68,North
449,Male,28,Gold,5,695.93,0,53,4,0.95,West
450,Female,54,Silver,3,584.66,0,74,3,0.12,East
451,Female,42,Platinum,5,442.28,0,32,4,0.03,West
452,Female,35,Basic,3,591.52,0,25,5,0.87,South
453,Female,36,Basic,5,481.91,0,53,1,0.64,West
454,Female,40,Basic,4,657.5,0,64,5,0.65,East
455,Male,55,Silver,3,434.87,0,33,1,0.96,West
456,Male,35,Silver,4,492.35,0,38,1,0.77,East
457,Female,43,Gold,5,287.49,1,79,5,0.4,South
458,Female,23,Gold,1,679.79,1,8,4,0.44,South
459,Male,21,Silver,3,664.92,1,1,2,0.14,South
460,Male,61,Platinum,4,524.07,0,74,5,0.3,West
461,Female,46,Basic,3,234.02,0,59,4,0.45,South
462,Male,51,Gold,4,346.85,0,35,2,0.26,South
463,Female,34,Silver,4,615.08,1,16,5,0.92,South
464,Male,60,Silver,2,750.08,1,14,4,0.01,East
465,Female,60,Gold,6,451.37,0,5,3,0.59,South
466,Male,33,Silver,2,781.45,1,80,5,0.77,West
467,Female,19,Basic,2,851.93,1,21,4,0.73,West
468,Male,51,Silver,3,668.2,1,58,4,0.64,South
469,Male,25,Silver,6,756.47,1,57,5,0.41,West
470,Female,30,Gold,5,431.09,0,11,5,0.92,South
471,Male,59,Silver,6,332.85,0,71,3,0.33,South
472,Female,25,Platinum,6,879.15,0,8,5,0.75,West
473,Male,47,Silver,7,451.47,1,81,3,0.93,North
474,Female,49,Silver,4,772.76,1,14,3,0.13,West
475,Male,53,Gold,1,662.92,1,49,5,0.95,East
476,Female,64,Silver,3,864.05,0,33,5,0.78,East
477,Male,47,Platinum,2,716.36,0,24,3,0.62,North
478,Female,18,Silver,4,424.09,1,71,4,0.37,East
479,Male,60,Silver,5,548.07,0,38,4,0.9,West
480,Female,56,Basic,5,705.18,0,79,2,0.04,West
481,Female,34,Silver,6,517.66,1,50,5,0.43,East
482,Female,37,Basic,2,756.93,0,89,5,0.76,South
483,Male,41,Gold,5,614.42,1,64,5,0.81,East
484,Female,39,Basic,5,759.92,0,81,4,0.2,North
485,Male,46,Basic,4,769.35,0,2,3,0.05,East
486,Female,39,Basic,3,646.57,0,39,5,0.8,North
487,Male,61,Basic,3,579.82,1,74,3,0.42,North
488,Female,26,Basic,6,519.69,1,14,1,0.14,West
489,Male,54,Gold,6,428.16,0,12,5,0.09,East
490,Male,27,Gold,2,857.96,0,81,5,0.64,South
491,Female,53,Gold,9,611.98,0,78,4,0.58,North
492,Male,54,Gold,5,562.87,1,51,1,0.85,East
493,Male,45,Basic,8,565.01,0,10,3,0.03,East
494,Female,45,Gold,4,592.1,0,44,4,0.87,West
495,Male,59,Basic,5,526.52,0,40,4,0.89,South
496,Male,60,Basic,5,514.27,1,60,4,0.45,South
497,Male,38,Silver,3,395.36,0,70,5,0.08,East
498,Female,41,Basic,4,606.93,0,31,4,0.95,South
499,Male,59,Gold,5,795.91,0,37,4,0.07,North
500,Female,57,Basic,1,491.62,0,73,5,0.59,West
501,Male,19,Gold,6,682.8,0,58,4,0.49,East
502,Male,25,Silver,3,686.25,0,43,5,0.84,South
503,Male,44,Basic,5,660.26,0,71,5,0.5,East
504,Female,39,Gold,2,881.17,1,38,3,0.47,South
505,Male,54,Basic,3,690.27,1,8,5,0.88,North
506,Male,44,Silver,5,610.08,0,34,3,0.96,East
507,Female,46,Basic,4,650.31,0,17,5,0.55,West
508,Male,20,Silver,4,726.91,1,17,4,0.45,South
509,Female,61,Silver,2,861.0,0,82,4,0.83,West
510,Female,30,Basic,7,564.1,1,53,3,0.83,West
511,Male,62,Platinum,7,626.93,1,15,2,0.32,North
512,Female,27,Gold,6,1059.15,0,64,2,0.58,North
513,Male,53,Gold,3,592.64,0,57,5,0.15,South
514,Female,26,Gold,5,586.38,0,20,3,0.64,East
515,Female,44,Basic,7,474.07,1,61,4,0.83,South
516,Male,51,Silver,3,612.56,1,25,5,0.19,South
517,Female,18,Basic,6,588.87,0,78,3,0.32,North
518,Female,49,Basic,1,658.99,1,27,5,0.45,South
519,Female,42,Platinum,5,640.61,0,47,4,0.85,South
520,Female,46,Silver,5,303.96,0,28,3,0.73,East
521,Female,24,Silver,2,403.96,0,6,5,0.32,South
522,Male,20,Basic,2,575.79,0,41,4,0.24,East
523,Female,37,Silver,7,536.22,0,59,2,0.7,South
524,Male,37,Basic,5,444.83,1,78,4,0.48,North
525,Female,47,Basic,5,323.97,0,61,5,0.59,South
526,Male,52,Basic,8,843.7,1,80,2,0.65,East
527,Male,52,Silver,4,841.08,1,49,3,0.56,West
528,Female,56,Silver,1,713.57,0,5,5,0.61,East
529,Female,44,Basic,3,512.15,0,11,5,0.89,South
530,Female,43,Gold,4,820.4,0,86,5,0.87,South
531,Male,31,Basic,6,492.15,0,40,3,0.15,South
532,Female,34,Silver,8,665.28,1,70,4,0.59,East
533,Male,35,Platinum,7,481.48,1,39,4,0.44,East
534,Male,62,Silver,3,603.63,0,70,3,0.29,North
535,Male,46,Gold,6,673.01,0,20,4,0.63,South
536,Female,37,Platinum,3,375.42,1,4,4,0.51,West
537,Female,44,Silver,3,536.64,0,89,5,0.77,East
538,Male,35,Gold,5,637.64,0,13,2,0.09,East
539,Male,21,Gold,5,411.86,0,49,3,0.3,East
540,Female,18,Basic,3,458.57,0,76,4,0.03,East
541,Male,18,Basic,3,637.68,0,9,4,0.75,West
542,Female,43,Platinum,7,519.8,1,59,4,0.91,North
543,Male,62,Gold,2,415.56,0,3,3,0.59,West
544,Female,37,Basic,3,604.45,0,11,1,0.62,West
545,Male,40,Silver,3,665.25,0,5,4,0.05,East
546,Female,27,Gold,0,936.65,0,35,5,0.5,East
547,Male,28,Silver,6,612.64,0,24,5,0.53,South
548,Female,58,Silver,6,601.66,0,70,4,0.04,North
549,Female,58,Gold,8,557.32,0,82,5,0.78,North
550,Male,22,Silver,0,772.37,1,6,3,0.28,North
551,Male,18,Silver,4,648.89,1,86,4,0.72,South
552,Female,34,Gold,3,725.36,1,42,1,0.4,North
553,Male,39,Gold,3,633.37,1,43,5,1.0,West
554,Female,51,Silver,5,737.15,1,14,4,0.21,East
555,Male,62,Basic,4,656.71,1,76,3,0.06,West
556,Female,58,Silver,3,388.8,1,25,1,0.98,West
557,Female,46,Platinum,8,556.77,1,84,3,0.24,North
558,Female,21,Basic,3,561.37,0,18,1,0.64,East
559,Female,22,Basic,4,666.51,1,24,3,0.37,North
560,Female,28,Silver,5,622.9,0,63,5,0.64,North
561,Female,38,Gold,4,799.56,1,79,3,0.6,East
562,Male,52,Basic,5,659.71,1,1,4,0.71,South
563,Male,29,Basic,2,670.73,1,15,3,0.02,South
564,Male,43,Basic,4,447.88,1,54,5,0.84,South
565,Female,36,Gold,7,622.52,0,34,4,0.48,East
566,Female,62,Basic,5,567.79,1,52,3,0.52,West
567,Female,24,Basic,5,290.27,1,2,5,0.41,West
568,Female,64,Silver,2,403.02,1,36,5,0.99,East
569,Male,24,Gold,4,708.45,0,23,5,0.8,North
570,Male,43,Silver,6,697.99,0,24,1,0.31,North
571,Female,57,Basic,6,511.6,0,32,4,0.78,East
572,Male,22,Silver,2,516.23,0,51,5,0.44,North
573,Male,38,Platinum,2,429.98,0,46,5,0.87,North
574,Female,31,Silver,5,748.47,0,13,5,0.03,South
575,Male,21,Platinum,2,478.59,1,14,4,0.36,East
576,Female,40,Gold,3,514.44,1,17,4,0.43,South
577,Male,59,Basic,2,752.34,1,16,5,0.74,West
578,Female,37,Silver,1,749.33,0,32,2,0.18,West
579,Female,32,Basic,6,573.04,0,79,4,0.29,West
580,Female,62,Silver,3,601.89,0,12,5,0.72,West
581,Female,46,Basic,7,670.65,0,3,1,0.08,North
582,Male,25,Basic,2,538.55,1,75,3,0.2,North
583,Female,58,Platinum,5,585.03,0,53,3,0.75,South
584,Female,36,Basic,4,570.58,0,43,5,0.88,East
585,Female,56,Gold,5,703.06,0,5,5,0.73,North
586,Male,63,Basic,1,812.55,1,47,4,0.53,East
587,Female,45,Basic,6,771.92,0,27,5,0.1,South
588,Male,63,Gold,3,752.44,1,52,4,0.83,West
589,Female,44,Silver,4,435.71,1,56,5,0.12,North
590,Male,21,Gold,3,793.85,1,80,3,0.39,West
591,Male,32,Basic,3,498.56,0,80,4,0.05,South
592,Female,52,Silver,3,332.7,0,80,3,0.71,East
593,Male,54,Gold,3,472.63,0,86,1,0.5,North
594,Female,18,Silver,6,586.24,0,68,3,0.91,East
595,Female,20,Silver,1,294.39,1,15,4,0.14,East
596,Female,64,Platinum,5,706.79,1,19,5,0.82,West
597,Male,41,Silver,6,724.82,0,26,4,0.51,North
598,Male,44,Platinum,2,542.66,0,79,3,0.37,South
599,Female,57,Gold,5,425.09,1,45,5,0.64,North
600,Female,53,Gold,2,738.47,1,10,3,0.79,East
601,Male,51,Basic,5,461.49,1,26,5,0.44,West
602,Female,46,Basic,7,356.92,0,8,5,0.23,East
603,Female,41,Gold,2,590.33,1,80,4,0.92,East
604,Female,41,Basic,5,603.99,0,32,2,0.31,North
605,Male,59,Basic,3,647.02,0,21,4,1.0,East
606,Male,21,Basic,6,715.18,0,45,5,0.77,North
607,Male,20,Basic,1,733.46,1,55,3,0.69,North
608,Female,51,Platinum,2,410.38,0,12,3,0.01,East
609,Female,40,Gold,1,294.24,0,48,5,0.45,West
610,Female,40,Silver,4,668.96,1,59,4,0.5,East
611,Male,62,Basic,3,607.45,1,74,3,0.38,West
612,Female,22,Gold,2,531.3,0,70,5,0.15,East
613,Female,48,Silver,6,578.28,1,37,5,0.37,South
614,Female,58,Platinum,6,474.56,0,82,3,0.07,South
615,Female,23,Silver,4,859.08,0,31,2,0.29,South
616,Male,54,Basic,4,298.3,1,3,4,0.08,East
617,Male,27,Silver,3,663.49,0,69,3,0.75,East
618,Female,57,Platinum,2,407.23,1,59,2,0.67,West
619,Male,24,Silver,5,500.84,0,33,5,0.94,South
620,Male,56,Silver,5,534.13,1,36,5,0.38,North
621,Female,55,Basic,3,452.75,1,74,3,0.79,South
622,Female,38,Gold,5,566.0,0,3,4,0.59,South
623,Male,37,Gold,5,205.77,0,75,2,0.65,North
624,Female,20,Basic,3,370.04,1,3,3,0.55,South
625,Male,39,Silver,2,321.76,0,59,2,0.78,South
626,Female,64,Basic,5,416.81,0,54,2,0.04,West
627,Male,21,Basic,4,480.67,1,28,4,0.08,South
628,Female,45,Basic,3,599.09,0,9,5,0.1,North
629,Male,29,Basic,3,503.49,0,26,4,0.29,North
630,Male,55,Silver,5,469.54,1,29,4,0.59,South
631,Male,53,Basic,4,521.41,1,10,3,0.65,East
632,Female,64,Basic,1,495.28,1,27,4,0.71,South
633,Male,58,Gold,3,544.29,1,63,3,0.28,North
634,Male,22,Silver,4,549.89,0,62,2,0.65,North
635,Female,30,Silver,3,483.04,1,18,3,0.12,North
636,Female,40,Silver,1,363.74,1,53,2,0.01,East
637,Male,47,Silver,4,592.8,0,82,3,0.69,East
638,Male,54,Basic,5,725.35,1,86,2,0.72,East
639,Female,42,Gold,3,440.9,0,17,5,0.62,South
640,Female,44,Basic,2,583.57,1,49,5,0.26,North
641,Female,31,Silver,6,533.44,1,89,3,0.93,South
642,Female,64,Basic,4,687.02,0,26,4,0.88,South
643,Female,53,Gold,3,469.9,0,5,4,0.52,East
644,Male,56,Silver,9,567.61,0,73,5,0.99,South
645,Female,33,Silver,1,581.45,0,44,2,0.3,West
646,Male,39,Basic,2,638.18,0,24,4,0.49,East
647,Male,38,Silver,5,434.81,1,57,3,0.93,East
648,Male,38,Platinum,2,645.6,1,7,4,0.46,North
649,Female,25,Gold,7,520.1,1,20,3,0.47,West
650,Male,33,Basic,2,677.14,0,56,3,0.08,West
651,Male,48,Basic,4,540.33,0,72,3,0.21,West
652,Female,59,Platinum,4,787.93,0,19,2,0.16,North
653,Male,27,Silver,4,358.6,0,64,3,0.57,South
654,Male,49,Silver,4,681.51,0,43,4,0.32,South
655,Female,51,Platinum,4,646.95,1,44,4,0.08,North
656,Male,26,Gold,5,669.15,1,25,4,0.51,South
657,Male,34,Silver,9,757.97,1,17,1,0.67,West
658,Male,28,Silver,5,330.32,0,39,2,0.74,North
659,Female,49,Basic,6,924.98,1,25,5,0.84,West
660,Female,27,Gold,3,677.84,0,39,3,0.48,West
661,Female,39,Basic,6,889.4,0,39,5,0.39,North
662,Male,34,Basic,4,879.77,1,59,5,0.68,East
663,Male,21,Basic,4,664.24,0,66,3,0.01,North
664,Female,64,Basic,4,638.68,0,16,5,0.63,North
665,Male,42,Silver,8,712.43,0,53,4,0.41,East
666,Male,38,Silver,2,257.84,0,78,4,0.45,East
667,Female,54,Silver,4,586.79,0,29,5,0.3,West
668,Female,55,Basic,4,745.33,1,66,3,0.13,East
669,Male,18,Platinum,2,829.2,1,10,4,0.4,East
670,Male,42,Basic,4,552.83,1,2,4,0.31,West
671,Male,53,Gold,3,654.1,0,13,5,0.96,West
672,Female,34,Platinum,10,685.88,1,54,4,0.94,West
673,Female,58,Silver,3,587.66,1,2,2,0.64,West
674,Female,41,Silver,6,459.96,0,42,3,0.9,North
675,Female,19,Platinum,7,500.63,0,14,5,0.75,West
676,Male,57,Basic,3,443.3,0,81,3,0.35,North
677,Female,32,Silver,8,373.14,1,51,4,0.6,West
678,Female,49,Silver,5,574.55,1,49,3,0.22,North
679,Female,56,Basic,2,932.51,1,38,2,0.69,North
680,Female,23,Gold,2,636.98,0,34,3,0.04,North
681,Female,18,Gold,3,556.95,0,29,3,0.83,North
682,Male,64,Gold,5,655.93,0,64,4,0.58,East
683,Male,40,Basic,2,476.12,0,23,5,0.06,North
684,Female,56,Basic,3,350.88,0,23,4,0.87,East
685,Male,34,Silver,5,496.62,1,16,4,0.88,East
686,Female,51,Basic,5,430.46,0,44,3,0.85,North
687,Female,58,Silver,4,322.67,0,60,5,0.77,West
688,Male,46,Silver,2,517.47,0,71,4,0.68,East
689,Male,26,Silver,6,673.22,1,65,2,0.4,North
690,Female,30,Silver,3,659.2,1,19,4,0.14,South
691,Female,23,Silver,3,640.69,1,45,5,0.29,East
692,Female,23,Basic,3,850.4,0,1,4,0.35,West
693,Male,37,Basic,4,517.14,0,12,5,0.36,South
694,Female,20,Silver,3,664.92,0,25,3,0.57,East
695,Female,34,Silver,1,541.75,1,87,5,0.21,North
696,Female,29,Gold,3,813.28,0,89,3,0.19,North
697,Male,64,Gold,4,478.73,1,88,2,0.72,North
698,Female,62,Platinum,3,711.5,1,10,4,0.01,North
699,Female,18,Basic,7,637.46,0,66,2,0.15,West
700,Male,34,Basic,3,782.9,0,33,4,0.43,West
701,Female,20,Basic,5,601.39,1,87,5,0.15,East
702,Female,43,Gold,3,564.51,0,2,5,0.96,North
703,Male,32,Silver,7,546.4,0,4,4,0.67,South
704,Female,53,Gold,3,577.02,1,23,4,0.43,East
705,Male,49,Silver,4,320.21,1,41,5,0.11,South
706,Male,49,Platinum,4,521.8,1,38,4,0.39,North
707,Female,21,Platinum,5,512.69,0,87,5,0.65,North
708,Female,35,Basic,2,428.94,1,56,5,0.97,North
709,Female,36,Silver,6,515.84,0,76,3,0.47,East
710,Female,60,Silver,2,465.31,0,44,1,0.69,South
711,Male,52,Basic,1,522.99,1,64,3,0.2,North
712,Female,57,Silver,3,693.67,1,24,5,0.62,North
713,Male,31,Silver,4,694.05,0,41,5,0.24,North
714,Female,50,Basic,3,836.8,0,28,4,0.2,East
715,Female,31,Silver,2,646.22,1,62,3,0.51,East
716,Female,51,Silver,4,371.93,0,15,2,0.21,North
717,Male,21,Basic,6,550.62,1,62,5,0.72,South
718,Female,41,Silver,6,504.14,1,10,3,0.94,North
719,Female,46,Basic,6,452.64,1,29,4,0.39,East
720,Female,36,Gold,8,760.94,0,31,5,0.32,North
721,Female,23,Basic,3,668.18,1,63,5,0.18,West
722,Male,50,Gold,5,610.55,0,87,4,0.39,South
723,Female,57,Silver,4,377.4,0,18,4,0.56,West
724,Male,36,Basic,5,587.71,1,7,4,0.37,East
725,Male,18,Silver,2,948.95,1,27,3,0.62,West
726,Male,22,Silver,2,474.48,0,9,4,0.66,South
727,Male,44,Silver,4,567.29,0,20,1,0.1,South
728,Male,33,Silver,8,808.32,0,85,5,0.7,West
729,Male,23,Silver,2,534.21,1,50,5,0.9,North
730,Female,57,Basic,3,531.03,1,61,5,0.03,West
731,Male,30,Basic,3,565.7,0,67,3,0.55,East
732,Male,52,Gold,3,651.99,0,74,4,0.6,West
733,Male,36,Silver,4,459.66,0,17,3,0.71,West
734,Female,29,Basic,3,738.5,1,21,3,0.39,East
735,Female,33,Gold,4,540.84,0,73,4,0.82,West
736,Male,60,Basic,2,630.95,0,81,4,0.54,West
737,Female,27,Gold,4,537.49,1,32,1,0.41,East
738,Male,42,Basic,4,399.67,1,48,3,0.72,West
739,Male,37,Basic,2,270.63,1,38,4,0.93,West
740,Female,48,Platinum,7,634.31,1,28,3,0.81,South
741,Male,21,Basic,3,327.63,1,82,2,0.93,East
742,Female,61,Gold,3,714.66,1,60,4,0.27,South
743,Female,40,Basic,5,619.07,0,70,4,0.12,East
744,Male,19,Silver,3,903.63,1,58,4,0.53,North
745,Male,39,Gold,5,512.44,0,70,3,0.04,South
746,Female,54,Basic,2,860.2,0,81,3,0.67,North
747,Male,25,Gold,4,556.37,1,53,3,0.24,West
748,Male,24,Silver,5,739.36,1,10,1,0.45,North
749,Male,31,Silver,7,681.85,0,2,3,0.66,West
750,Female,20,Silver,2,324.89,0,25,5,0.48,North
751,Female,33,Gold,5,1079.02,0,38,1,0.24,West
752,Male,36,Basic,6,842.78,0,1,1,0.88,West
753,Female,35,Basic,5,659.63,0,80,2,0.76,North
754,Female,33,Gold,7,799.32,1,76,3,0.6,South
755,Female,25,Gold,2,641.09,1,73,3,0.7,East
756,Female,50,Basic,4,732.91,1,13,3,0.42,South
757,Female,29,Silver,4,623.49,0,71,2,0.38,North
758,Male,28,Silver,2,443.79,0,1,5,0.16,West
759,Male,22,Silver,10,584.74,1,31,5,0.8,North
760,Male,44,Basic,3,521.49,0,88,5,0.38,East
761,Female,29,Silver,5,694.85,1,67,3,0.69,North
762,Female,34,Basic,7,441.92,0,56,3,0.3,South
763,Male,23,Gold,12,622.17,1,19,4,0.8,West
764,Female,50,Gold,5,388.57,0,4,3,0.11,South
765,Male,22,Silver,4,715.63,0,28,4,0.63,West
766,Male,45,Basic,5,417.16,0,44,4,0.81,South
767,Male,31,Basic,4,690.55,1,30,4,0.66,South
768,Female,22,Silver,2,617.69,1,36,3,0.7,North
769,Female,50,Gold,3,756.42,0,53,3,0.53,East
770,Male,58,Basic,4,577.3,0,59,5,0.56,South
771,Male,36,Silver,7,722.09,0,68,4,0.07,North
772,Male,39,Basic,6,622.34,0,87,4,0.25,West
773,Male,22,Basic,6,664.24,0,75,3,0.72,West
774,Female,19,Basic,7,331.24,0,4,5,0.95,South
775,Female,47,Basic,2,503.45,0,11,5,0.54,West
776,Male,64,Basic,6,575.54,0,53,4,0.73,East
777,Male,56,Silver,4,805.55,1,88,3,0.68,North
778,Female,21,Gold,2,651.88,1,54,5,1.0,South
779,Female,50,Gold,4,342.17,1,84,4,0.8,East
780,Male,30,Basic,2,665.67,0,45,5,0.63,North
781,Male,37,Basic,4,468.41,0,17,4,0.12,North
782,Male,24,Basic,4,481.45,0,64,5,0.36,South
783,Female,32,Basic,4,591.28,0,58,4,0.25,West
784,Female,40,Silver,3,641.51,1,13,2,0.85,North
785,Female,31,Silver,4,483.35,0,81,4,0.45,North
786,Male,40,Basic,3,337.99,1,51,2,0.54,West
787,Male,36,Basic,3,573.43,0,52,3,0.96,West
788,Female,46,Basic,4,566.41,0,15,4,0.84,South
789,Female,37,Basic,5,815.03,0,4,3,0.79,South
790,Male,46,Gold,6,606.41,1,82,1,0.14,North
791,Female,41,Basic,2,776.82,0,9,3,0.02,West
792,Female,35,Silver,2,917.42,0,67,2,0.13,South
793,Male,27,Silver,9,433.91,0,82,5,0.74,South
794,Female,58,Gold,7,820.59,1,81,5,0.41,West
795,Male,25,Gold,3,739.87,0,74,5,0.12,West
796,Male,43,Gold,5,267.29,0,57,1,0.74,North
797,Male,46,Basic,6,571.8,0,29,1,0.19,West
798,Male,27,Silver,5,705.84,0,47,5,0.59,South
799,Male,34,Gold,8,650.68,0,5,2,0.74,West
800,Male,19,Basic,6,848.63,0,70,4,0.61,East
801,Male,23,Silver,6,688.54,0,64,5,0.99,North
802,Female,22,Gold,3,385.53,0,59,3,0.43,West
803,Male,45,Silver,4,718.89,0,35,4,0.31,North
804,Male,58,Basic,8,428.53,0,5,3,0.2,West
805,Female,22,Basic,2,517.11,0,50,5,0.5,East
806,Female,35,Silver,3,764.75,1,60,3,0.85,South
807,Female,43,Basic,5,747.84,1,15,3,0.95,South
808,Male,37,Silver,4,605.75,1,24,4,0.97,South
809,Female,58,Gold,7,491.32,1,21,3,0.53,North
810,Male,44,Basic,3,569.98,0,2,4,0.61,South
811,Male,29,Gold,1,583.17,0,83,4,0.58,South
812,Male,24,Silver,2,515.0,1,45,2,0.47,North
813,Male,20,Basic,6,770.32,1,82,2,0.15,North
814,Female,27,Gold,2,537.68,0,10,2,0.07,South
815,Female,51,Gold,3,560.74,0,45,2,0.44,West
816,Male,42,Silver,3,564.85,1,37,3,0.19,East
817,Male,52,Gold,6,704.58,0,23,5,0.89,North
818,Male,33,Gold,3,638.14,0,45,2,0.76,East
819,Female,19,Gold,3,632.74,0,41,2,0.62,East
820,Male,41,Silver,7,458.61,0,65,3,0.05,North
821,Male,27,Gold,4,635.21,1,61,4,0.62,East
822,Female,55,Platinum,7,711.91,1,6,5,0.62,West
823,Female,39,Gold,4,548.34,1,65,5,0.44,South
824,Male,43,Basic,3,621.89,0,18,3,0.66,West
825,Female,60,Silver,2,738.12,1,40,2,0.86,East
826,Female,56,Silver,5,479.79,0,38,3,0.76,South
827,Male,44,Basic,3,481.9,1,45,3,0.47,North
828,Female,46,Platinum,5,581.92,0,17,5,0.26,West
829,Male,64,Basic,8,717.01,1,13,4,0.48,South
830,Female,55,Basic,4,152.68,1,10,3,0.95,North
831,Male,37,Platinum,3,570.66,1,31,5,0.82,West
832,Male,44,Silver,1,494.3,1,87,5,0.03,West
833,Male,58,Basic,2,653.62,0,50,5,0.78,West
834,Female,37,Silver,5,585.24,0,84,3,0.17,West
835,Male,61,Silver,6,771.42,0,23,2,0.57,East
836,Female,36,Basic,5,697.46,0,45,2,0.81,North
837,Male,37,Platinum,6,565.86,1,79,3,0.56,South
838,Male,52,Silver,4,447.24,0,38,3,0.4,North
839,Female,64,Silver,3,652.44,0,11,5,0.32,East
840,Male,19,Silver,3,555.1,0,8,3,0.31,East
841,Male,47,Silver,6,569.34,0,78,4,0.84,South
842,Female,51,Basic,3,425.64,1,13,5,0.83,South
843,Male,39,Basic,0,622.9,1,86,3,0.82,North
844,Male,20,Silver,2,523.9,0,34,3,0.28,West
845,Male,23,Gold,4,538.95,0,65,4,0.8,South
846,Male,32,Basic,5,57.31,1,75,4,0.04,North
847,Female,44,Silver,2,605.01,0,10,5,0.21,South
848,Female,27,Gold,7,457.29,1,76,5,0.51,East
849,Male,26,Basic,0,677.4,1,89,5,0.41,East
850,Female,50,Basic,11,610.67,1,36,4,0.11,West
851,Male,49,Basic,5,379.55,1,4,2,0.04,West
852,Female,23,Silver,4,584.46,0,21,5,0.61,West
853,Male,58,Basic,7,632.24,1,61,5,0.31,West
854,Male,53,Silver,5,913.0,0,38,3,0.02,South
855,Male,19,Silver,1,689.91,0,76,3,0.43,North
856,Male,46,Silver,7,406.3,0,39,4,0.31,East
857,Male,21,Basic,3,891.48,0,89,5,0.58,North
858,Male,18,Silver,4,558.77,0,54,2,0.93,East
859,Female,36,Gold,3,558.12,1,62,4,0.31,South
860,Male,43,Platinum,6,891.28,1,19,5,1.0,South
861,Female,42,Gold,3,505.73,1,2,5,0.09,West
862,Male,27,Silver,6,576.43,0,22,4,0.09,South
863,Female,32,Silver,3,355.3,0,57,5,0.71,East
864,Female,39,Basic,3,594.14,1,3,2,0.75,West
865,Female,38,Basic,2,577.34,1,23,3,0.42,South
866,Male,39,Basic,5,540.32,1,4,3,0.29,South
867,Male,53,Silver,2,623.75,1,28,1,0.79,South
868,Female,51,Basic,3,477.15,0,78,3,0.96,North
869,Male,47,Basic,4,819.68,0,70,3,0.99,South
870,Female,42,Platinum,1,602.76,1,70,4,0.63,North
871,Male,62,Basic,3,484.52,1,41,3,0.74,West
872,Female,45,Basic,1,391.13,0,37,4,0.82,North
873,Female,18,Basic,2,607.1,0,7,3,0.8,East
874,Male,62,Silver,4,737.77,0,77,2,0.99,South
875,Female,21,Silver,5,653.43,1,1,2,0.81,West
876,Male,24,Basic,8,897.83,0,88,3,0.66,East
877,Female,26,Silver,3,901.08,1,34,2,0.38,South
878,Female,53,Gold,6,408.12,0,52,3,0.6,North
879,Male,36,Gold,10,376.4,0,10,4,0.88,East
880,Male,18,Platinum,4,484.54,0,60,3,0.31,North
881,Male,27,Gold,3,705.8,1,6,3,0.03,South
882,Female,53,Silver,3,658.5,0,68,2,0.33,East
883,Male,26,Basic,6,751.62,0,72,5,0.96,South
884,Female,62,Basic,3,444.66,0,48,2,0.79,East
885,Female,63,Basic,1,333.92,0,79,3,0.19,South
886,Male,59,Silver,2,511.29,0,45,3,0.01,North
887,Male,49,Gold,2,687.99,0,12,5,0.67,West
888,Female,49,Silver,4,624.25,0,70,4,0.58,North
889,Female,23,Basic,1,786.84,0,21,3,0.08,West
890,Male,55,Silver,3,493.21,0,75,4,0.97,East
891,Male,34,Platinum,4,749.33,1,86,4,0.62,South
892,Male,27,Silver,8,508.93,0,36,2,0.65,South
893,Male,44,Gold,3,716.75,1,87,3,0.85,North
894,Male,52,Gold,4,714.27,0,23,5,0.34,West
895,Female,38,Platinum,3,836.37,1,55,4,0.56,West
896,Female,42,Gold,11,399.14,0,27,3,0.58,East
897,Female,45,Gold,3,807.5,0,20,2,0.97,South
898,Female,64,Basic,4,666.9,0,15,5,0.13,West
899,Male,32,Basic,2,609.05,0,42,2,0.76,West
900,Male,21,Silver,1,580.0,1,4,2,0.58,South
901,Male,46,Basic,0,589.08,1,29,3,0.85,North
902,Female,26,Platinum,4,605.91,1,55,3,0.83,South
903,Female,44,Basic,5,358.68,0,75,5,0.01,West
904,Male,43,Gold,4,636.61,0,49,2,0.26,North
905,Male,36,Basic,3,622.72,1,71,4,0.18,East
906,Female,45,Basic,5,501.31,1,75,3,0.46,South
907,Female,34,Platinum,2,604.93,0,54,4,0.91,South
908,Male,60,Basic,7,765.5,1,33,3,0.01,North
909,Male,58,Basic,3,507.78,1,37,4,0.49,West
910,Female,59,Basic,7,429.13,0,77,3,0.88,North
911,Male,37,Silver,2,491.6,0,7,4,0.93,South
912,Male,62,Basic,7,287.03,0,24,4,0.66,North
913,Male,57,Silver,5,868.61,1,55,3,0.83,North
914,Female,56,Silver,8,475.29,1,11,4,0.32,East
915,Female,40,Gold,4,789.41,1,78,3,0.29,West
916,Female,64,Gold,3,413.93,1,44,5,0.05,North
917,Female,49,Silver,4,507.2,0,65,4,0.5,South
918,Female,64,Basic,3,609.61,0,6,5,0.46,North
919,Female,50,Gold,7,696.59,1,31,3,0.37,West
920,Female,63,Basic,2,589.54,1,43,2,0.11,West
921,Male,22,Silver,2,369.07,0,12,3,0.23,South
922,Male,60,Silver,0,591.68,0,65,3,0.2,West
923,Male,51,Gold,3,788.89,0,52,3,0.94,South
924,Male,57,Silver,4,648.86,0,70,3,0.97,West
925,Male,28,Basic,1,932.36,0,30,5,0.0,North
926,Male,20,Silver,4,625.71,0,77,4,0.17,South
927,Male,50,Silver,9,751.98,0,76,4,0.89,West
928,Female,28,Basic,7,678.78,1,74,5,0.04,East
929,Female,33,Silver,4,505.01,1,55,2,0.94,East
930,Male,35,Gold,4,590.75,1,39,5,0.38,South
931,Male,47,Platinum,3,766.91,1,74,4,0.54,East
932,Female,27,Silver,4,547.96,1,82,2,0.76,North
933,Male,35,Basic,4,659.93,0,6,5,0.24,North
934,Male,55,Basic,4,506.8,0,56,4,0.1,West
935,Female,36,Gold,6,739.37,1,8,4,0.81,North
936,Male,53,Gold,4,612.4,0,84,5,0.98,South
937,Female,30,Basic,6,729.7,0,55,5,0.66,North
938,Male,63,Basic,4,786.8,0,16,5,0.83,West
939,Female,20,Gold,4,700.74,0,2,3,0.94,North
940,Female,27,Basic,3,572.9,1,64,4,0.23,West
941,Female,55,Basic,5,575.65,1,11,3,0.35,South
942,Male,18,Basic,3,284.15,0,88,5,0.22,East
943,Female,44,Basic,4,664.25,0,83,3,0.06,North
944,Male,63,Silver,3,757.42,0,4,4,0.73,West
945,Male,25,Gold,3,414.28,1,3,5,0.15,South
946,Male,63,Basic,3,576.51,0,15,5,0.09,East
947,Male,59,Basic,5,573.47,0,68,5,0.36,East
948,Female,34,Basic,6,669.58,0,43,3,0.06,East
949,Female,26,Silver,3,622.0,0,81,3,0.18,North
950,Male,23,Basic,3,463.21,1,9,5,0.07,East
951,Male,60,Silver,5,841.68,0,25,4,0.88,East
952,Female,42,Gold,5,349.75,1,65,5,0.78,East
953,Male,56,Basic,3,509.09,1,66,4,0.86,North
954,Female,45,Basic,7,400.24,0,55,5,0.87,South
955,Male,50,Basic,8,653.36,1,45,4,0.94,East
956,Male,54,Silver,4,669.66,1,33,5,0.19,South
957,Female,26,Gold,2,582.49,1,22,2,0.9,East
958,Male,35,Basic,5,418.12,1,42,5,0.53,East
959,Female,38,Platinum,4,460.1,1,76,3,0.17,North
960,Male,19,Basic,6,733.83,0,27,1,0.66,East
961,Male,60,Gold,6,588.04,1,11,4,0.33,West
962,Male,55,Silver,2,531.79,0,42,4,0.05,East
963,Female,57,Silver,5,495.52,0,78,4,0.08,South
964,Male,53,Silver,7,582.02,0,78,3,0.42,West
965,Male,60,Silver,5,685.41,0,22,5,0.83,North
966,Male,54,Gold,3,563.29,0,9,5,0.31,West
967,Male,32,Gold,6,664.92,0,79,4,0.77,West
968,Female,45,Silver,3,365.59,1,57,3,0.06,West
969,Female,35,Basic,4,770.15,1,83,4,0.39,West
970,Male,51,Basic,1,594.31,0,31,5,0.13,West
971,Female,39,Gold,4,452.9,0,18,5,0.86,South
972,Male,28,Silver,2,666.13,0,12,1,0.97,West
973,Male,30,Silver,5,627.13,1,40,2,0.33,South
974,Male,21,Silver,2,431.48,0,45,1,0.99,South
975,Female,39,Gold,3,581.77,0,49,4,0.75,South
976,Female,24,Silver,5,522.33,1,1,3,0.0,North
977,Female,60,Gold,6,409.84,1,7,4,0.49,West
978,Female,41,Gold,3,536.76,0,2,4,0.83,East
979,Female,21,Basic,2,443.2,1,86,3,0.53,North
980,Female,45,Basic,6,416.52,1,4,3,0.55,East
981,Female,32,Gold,3,674.56,0,45,3,0.45,West
982,Female,18,Basic,4,645.86,0,46,1,0.4,West
983,Female,20,Platinum,2,561.48,0,84,5,0.03,East
984,Male,31,Basic,3,263.75,1,67,3,0.62,South
985,Female,55,Basic,3,589.28,0,9,4,0.77,West
986,Female,18,Platinum,3,714.07,0,82,3,0.79,East
987,Female,55,Silver,1,781.64,1,57,4,0.62,North
988,Female,55,Basic,5,752.64,0,16,4,0.34,East
989,Female,38,Gold,2,421.54,1,51,3,0.02,North
990,Female,46,Silver,2,483.34,1,52,4,0.9,North
991,Female,22,Silver,7,575.01,1,9,2,0.43,West
992,Female,27,Basic,2,588.5,0,83,4,0.6,North
993,Female,45,Gold,1,604.56,1,6,4,0.19,West
994,Female,38,Gold,3,767.94,0,44,4,0.14,East
995,Female,24,Basic,2,629.32,0,79,4,0.09,South
996,Male,20,Gold,2,782.06,1,6,3,0.8,North
997,Male,62,Gold,5,483.9,1,5,1,0.65,West
998,Female,64,Silver,4,541.59,0,46,2,0.62,South
999,Female,37,Silver,4,536.34,0,27,3,0.92,North
1000,Male,36,Basic,4,591.55,0,45,3,0.16,East
1001,Female,52,Basic,6,396.53,0,41,4,0.17,North
1002,Male,21,Gold,4,888.21,1,28,5,0.19,East
1003,Male,22,Gold,4,614.47,0,54,5,0.42,East
1004,Male,18,Silver,9,428.48,0,32,4,0.87,East
1005,Male,21,Silver,1,436.9,1,89,4,0.88,East
1006,Male,29,Basic,6,612.05,0,53,3,0.59,West
1007,Female,44,Basic,4,688.84,0,71,3,0.66,West
1008,Male,59,Silver,4,740.99,1,30,3,0.9,West
1009,Female,40,Basic,4,607.1,0,53,4,0.62,South
1010,Female,42,Silver,2,691.5,0,31,5,0.23,East
1011,Male,38,Basic,7,651.04,1,12,4,0.7,North
1012,Male,41,Gold,2,584.24,0,9,1,0.77,South
1013,Female,42,Basic,2,548.91,1,67,5,0.64,South
1014,Male,62,Silver,7,604.06,1,37,3,0.27,South
1015,Male,63,Silver,1,582.61,1,28,5,0.4,South
1016,Female,49,Basic,5,599.08,0,86,5,0.47,North
1017,Female,49,Basic,7,667.41,0,26,3,0.15,East
1018,Male,22,Basic,2,842.98,0,83,2,0.45,North
1019,Female,53,Gold,6,449.33,0,21,5,0.16,East
1020,Male,63,Basic,1,614.23,0,10,4,0.5,South
1021,Male,59,Gold,4,652.77,0,80,3,0.05,South
1022,Male,59,Platinum,8,544.3,0,24,4,0.95,West
1023,Female,56,Gold,3,761.99,1,25,4,0.25,West
1024,Female,33,Basic,3,527.09,0,52,3,0.47,South
1025,Female,50,Platinum,7,701.18,1,1,2,0.03,South
1026,Female,38,Basic,5,788.93,0,53,3,0.19,East
1027,Female,26,Silver,3,659.65,1,68,1,0.69,South
1028,Male,23,Gold,6,573.57,1,78,2,0.11,East
1029,Male,62,Silver,4,672.11,0,24,3,0.63,South
1030,Male,52,Silver,3,540.43,0,27,3,0.0,North
1031,Male,56,Basic,5,493.69,1,27,3,0.47,South
1032,Female,39,Basic,3,654.92,0,88,5,0.72,East
1033,Male,58,Silver,3,712.48,0,65,4,0.93,East
1034,Female,22,Basic,4,614.42,0,39,3,0.49,North
1035,Male,59,Platinum,5,683.82,0,77,4,0.84,East
1036,Female,40,Platinum,0,945.95,0,84,1,0.8,West
1037,Female,34,Gold,6,783.0,0,36,5,0.3,North
1038,Male,29,Silver,5,515.29,1,76,4,0.87,South
1039,Male,40,Silver,4,627.79,0,69,4,0.64,South
1040,Male,33,Platinum,4,645.31,1,5,5,0.1,South
1041,Male,20,Gold,3,473.93,0,81,4,0.94,East
1042,Female,47,Silver,6,692.34,1,10,3,0.18,South
1043,Male,39,Basic,4,486.63,0,16,5,0.47,South
1044,Male,26,Basic,3,700.92,1,88,5,0.47,South
1045,Female,46,Silver,4,889.98,0,53,5,0.63,West
1046,Male,64,Silver,2,581.08,1,14,2,0.66,West
1047,Male,54,Gold,5,665.59,0,74,5,0.23,West
1048,Male,40,Basic,3,643.79,0,29,4,0.35,South
1049,Male,30,Basic,7,459.93,0,28,4,0.14,South
1050,Male,49,Basic,4,489.54,1,17,3,0.13,East
1051,Female,63,Basic,7,653.89,0,69,2,0.83,East
1052,Male,64,Basic,4,619.7,1,66,2,0.75,East
1053,Male,40,Silver,4,580.0,0,36,3,0.44,East
1054,Male,62,Silver,4,739.82,0,46,3,0.1,South
1055,Male,34,Gold,6,669.91,1,45,2,0.45,East
1056,Male,57,Basic,7,930.57,0,9,5,0.29,North
1057,Female,38,Basic,11,460.73,0,36,4,0.78,South
1058,Male,19,Silver,5,539.94,0,5,4,0.1,South
1059,Female,54,Gold,3,817.97,0,79,4,0.45,North
1060,Female,23,Basic,4,853.21,0,73,4,0.59,East
1061,Male,61,Gold,3,471.1,0,89,3,0.99,North
1062,Male,35,Basic,7,541.6,0,50,4,0.09,East
1063,Male,47,Gold,1,573.15,0,28,4,0.11,North
1064,Male,39,Gold,1,811.29,0,27,3,0.99,South
1065,Female,50,Basic,5,579.66,0,47,3,0.41,East
1066,Male,47,Silver,4,574.52,0,33,3,0.74,East
1067,Male,34,Basic,3,560.35,0,38,4,0.78,East
1068,Male,60,Gold,5,616.32,1,8,2,0.31,South
1069,Male,49,Silver,0,651.52,0,4,4,0.21,East
1070,Male,59,Silver,6,881.77,1,36,3,0.28,North
1071,Male,31,Gold,0,819.62,0,31,4,0.76,East
1072,Female,27,Gold,5,437.72,0,74,5,0.84,East
1073,Female,64,Basic,3,571.87,0,49,5,0.7,South
1074,Male,53,Silver,3,603.06,0,41,4,0.44,North
1075,Male,51,Basic,5,533.45,0,8,3,0.26,North
1076,Male,26,Basic,0,750.39,1,30,4,0.43,North
1077,Female,59,Silver,4,802.26,0,14,4,0.91,East
1078,Male,45,Basic,2,528.04,0,45,5,0.86,West
1079,Female,28,Basic,2,601.8,0,46,5,0.32,West
1080,Male,31,Gold,4,734.55,1,67,3,0.33,East
1081,Male,56,Basic,4,760.26,0,16,4,0.78,South
1082,Male,64,Silver,3,524.42,0,10,3,0.43,South
1083,Male,36,Basic,6,671.72,0,68,3,0.57,East
1084,Female,32,Basic,4,496.05,1,52,4,0.42,North
1085,Female,45,Basic,3,758.49,0,50,3,0.24,North
1086,Male,41,Silver,6,490.87,0,68,4,0.19,East
1087,Male,25,Gold,5,616.8,1,2,5,0.14,North
1088,Female,60,Basic,2,528.75,0,75,4,0.01,North
1089,Female,26,Basic,7,452.58,1,79,5,0.28,West
1090,Female,64,Platinum,5,514.4,1,75,4,0.17,West
1091,Female,50,Basic,4,548.13,0,87,5,0.26,East
1092,Male,50,Gold,4,787.25,0,60,4,0.08,West
1093,Female,36,Basic,6,529.31,1,50,4,0.34,West
1094,Male,20,Gold,2,610.84,0,1,3,0.52,South
1095,Female,27,Basic,6,499.06,0,37,4,0.94,East
1096,Female,57,Gold,4,738.12,1,23,4,0.35,South
1097,Female,64,Gold,1,758.41,0,49,4,0.03,West
1098,Female,59,Silver,7,717.62,1,82,4,0.36,West
1099,Female,18,Basic,0,546.85,0,74,5,0.82,North
1100,Male,46,Gold,4,500.3,0,64,3,0.34,South
1101,Male,51,Silver,3,461.76,0,17,4,0.29,South
1102,Female,30,Basic,6,715.33,0,71,4,0.92,East
1103,Female,18,Basic,3,531.05,1,15,3,0.3,North
1104,Male,51,Gold,4,727.68,0,51,5,0.97,North
1105,Female,46,Basic,4,471.77,1,27,5,0.83,North
1106,Female,64,Silver,4,568.71,0,9,3,0.68,West
1107,Male,30,Silver,1,531.67,0,64,3,0.6,West
1108,Female,46,Gold,4,492.8,0,63,4,0.22,West
1109,Female,56,Platinum,7,338.22,0,85,1,0.73,South
1110,Male,41,Platinum,1,401.43,0,53,4,0.35,South
1111,Male,43,Basic,5,769.23,0,42,3,0.49,East
1112,Male,34,Gold,6,474.57,1,70,5,0.1,North
1113,Female,24,Basic,2,700.48,0,89,5,0.3,West
1114,Male,30,Silver,4,602.27,0,35,3,0.53,West
1115,Male,22,Silver,0,548.32,0,17,5,0.47,North
1116,Male,43,Basic,3,536.41,0,44,5,0.34,West
1117,Male,20,Platinum,0,587.69,1,43,4,0.47,West
1118,Male,24,Basic,4,699.93,0,89,3,0.74,South
1119,Male,56,Silver,5,415.83,0,76,5,0.46,South
1120,Female,18,Gold,3,590.12,1,44,3,0.51,West
1121,Female,34,Gold,3,657.7,0,38,4,0.7,West
1122,Male,60,Basic,2,711.63,0,41,1,0.84,South
1123,Male,42,Silver,9,751.54,1,25,4,0.53,North
1124,Male,20,Gold,4,572.48,0,49,3,0.95,North
1125,Female,32,Basic,1,389.79,0,60,4,0.35,West
1126,Female,46,Silver,3,660.91,1,2,1,0.25,East
1127,Female,60,Basic,3,582.14,0,65,4,0.69,East
1128,Female,49,Silver,4,780.72,0,3,5,0.18,West
1129,Female,43,Gold,4,630.01,0,14,1,0.9,North
1130,Female,33,Silver,3,782.25,0,45,4,0.39,East
1131,Female,42,Silver,4,521.17,1,34,2,0.7,South
1132,Female,45,Silver,3,782.19,1,86,4,0.57,East
1133,Female,26,Silver,8,623.51,0,36,4,0.05,South
1134,Male,18,Basic,5,662.65,1,15,4,0.71,East
1135,Male,46,Basic,7,342.48,0,37,3,0.79,North
1136,Male,39,Silver,3,766.55,1,10,3,0.98,West
1137,Male,33,Silver,8,572.44,1,9,2,0.42,West
1138,Female,58,Silver,9,674.26,0,50,5,0.5,West
1139,Female,61,Basic,5,550.75,0,35,4,0.87,South
1140,Male,58,Basic,6,772.84,1,46,5,0.27,West
1141,Female,24,Basic,2,634.02,1,81,5,0.19,East
1142,Male,31,Platinum,1,622.07,1,47,5,0.13,North
1143,Female,46,Silver,3,884.04,0,18,4,0.98,West
1144,Male,36,Basic,5,226.21,0,25,2,0.27,South
1145,Female,36,Basic,6,538.53,0,35,5,0.76,South
1146,Female,19,Platinum,6,576.58,0,80,2,0.45,North
1147,Male,58,Basic,5,475.79,1,51,4,0.24,North
1148,Female,62,Gold,6,649.8,1,89,5,0.91,South
1149,Male,32,Basic,3,399.21,0,55,4,0.46,North
1150,Male,20,Platinum,4,405.3,0,16,3,0.57,East
1151,Male,28,Gold,3,665.53,0,88,3,0.22,East
1152,Male,63,Silver,7,462.83,0,12,5,0.32,West
1153,Female,47,Basic,4,676.78,0,59,5,0.75,West
1154,Female,57,Basic,6,510.24,1,73,4,0.34,South
1155,Female,35,Silver,5,474.35,1,37,5,0.51,South
1156,Male,19,Silver,3,451.89,0,32,1,0.11,East
1157,Female,49,Basic,5,457.23,1,57,3,0.85,North
1158,Male,25,Basic,3,535.75,0,83,3,0.74,West
1159,Female,39,Silver,4,480.34,0,22,1,0.76,North
1160,Female,23,Silver,3,581.26,0,45,3,0.18,West
1161,Female,29,Basic,2,320.93,0,83,2,0.5,West
1162,Male,64,Basic,3,472.95,1,12,4,0.03,South
1163,Female,57,Platinum,4,787.37,1,82,1,0.32,North
1164,Female,53,Silver,8,411.39,0,5,3,0.35,South
1165,Male,32,Gold,3,500.51,1,26,5,0.91,North
1166,Female,45,Silver,4,785.87,0,20,3,0.99,North
1167,Male,62,Basic,2,593.87,1,61,2,0.62,West
1168,Female,35,Basic,7,341.63,1,8,3,0.52,North
1169,Male,19,Basic,3,689.35,0,62,5,0.44,West
1170,Male,30,Gold,3,777.82,0,54,4,0.02,West
1171,Female,62,Silver,5,596.36,1,80,4,0.8,West
1172,Male,32,Basic,5,516.24,0,58,1,0.67,East
1173,Male,37,Platinum,3,338.68,0,66,4,0.65,West
1174,Male,46,Basic,6,527.13,1,45,3,0.81,South
1175,Male,59,Platinum,2,413.05,0,65,3,0.93,North
1176,Male,46,Platinum,6,598.73,1,5,4,0.39,North
1177,Male,20,Basic,7,724.16,1,31,5,0.43,East
1178,Female,36,Basic,8,451.65,1,23,3,0.98,East
1179,Male,20,Silver,5,702.75,0,21,5,0.66,East
1180,Male,31,Silver,5,336.99,1,12,1,0.85,South
1181,Female,57,Silver,3,562.84,0,4,3,0.22,West
1182,Female,21,Platinum,2,298.65,0,37,3,0.32,East
1183,Female,28,Gold,1,627.31,0,75,5,0.39,East
1184,Female,48,Basic,8,769.05,0,9,3,0.32,North
1185,Female,60,Basic,4,534.76,0,26,4,0.88,North
1186,Female,49,Silver,3,624.25,0,27,3,0.51,East
1187,Female,44,Basic,3,524.46,0,62,4,0.95,North
1188,Male,47,Gold,5,653.05,0,50,3,0.32,North
1189,Male,60,Basic,10,721.6,0,89,1,0.04,West
1190,Female,19,Basic,4,597.96,0,82,5,0.14,East
1191,Male,26,Basic,4,520.27,1,72,5,0.22,East
1192,Male,45,Gold,5,643.04,1,2,3,0.64,West
1193,Male,48,Basic,3,872.27,0,86,4,0.18,East
1194,Female,51,Gold,5,647.25,1,85,3,0.38,East
1195,Female,32,Silver,3,409.02,1,26,5,0.8,West
1196,Male,42,Gold,2,883.82,0,69,4,0.12,West
1197,Female,53,Silver,3,477.8,1,46,2,0.08,East
1198,Male,25,Basic,1,482.43,1,78,5,0.54,North
1199,Male,26,Gold,6,751.25,0,63,3,0.7,West
1200,Male,54,Basic,2,537.0,0,70,3,0.91,West
1201,Male,62,Silver,2,674.6,1,23,4,0.66,South
1202,Female,56,Basic,4,663.77,0,17,3,0.95,North
1203,Female,49,Gold,8,666.02,0,88,2,0.24,East
1204,Female,34,Platinum,3,816.65,0,64,3,0.34,South
1205,Male,52,Silver,6,559.78,0,29,5,0.84,South
1206,Female,54,Silver,2,605.08,1,52,3,0.81,South
1207,Male,36,Gold,6,462.45,0,24,3,0.66,North
1208,Female,61,Basic,4,712.01,0,35,3,0.51,West
1209,Male,46,Platinum,3,630.89,1,47,3,0.02,East
1210,Male,24,Basic,5,788.7,1,51,4,0.28,North
1211,Male,45,Platinum,3,655.24,1,2,3,0.16,South
1212,Female,26,Gold,1,859.69,0,21,5,0.05,North
1213,Female,45,Gold,1,580.88,1,40,4,0.78,East
1214,Female,23,Silver,4,635.27,0,69,3,0.13,North
1215,Female,46,Silver,1,610.37,1,35,3,0.36,South
1216,Male,34,Silver,7,495.89,0,44,4,0.98,South
1217,Female,33,Basic,5,306.45,1,35,4,0.41,West
1218,Female,40,Silver,0,633.69,1,83,5,0.14,North
1219,Male,48,Silver,4,359.88,0,80,5,0.69,East
1220,Male,20,Gold,6,669.62,0,25,4,0.81,West
1221,Male,38,Silver,1,773.41,1,80,5,0.28,West
1222,Female,43,Basic,2,591.07,1,31,4,0.81,East
1223,Male,53,Basic,2,657.28,0,81,1,0.27,East
1224,Male,59,Silver,1,662.38,0,85,4,0.69,North
1225,Male,54,Basic,1,742.5,1,52,3,0.12,South
1226,Female,39,Basic,4,585.25,0,35,3,0.43,West
1227,Male,59,Gold,2,418.72,0,23,4,0.52,West
1228,Female,29,Silver,4,337.37,1,49,3,0.73,North
1229,Female,59,Silver,6,548.04,0,16,3,0.65,South
1230,Male,30,Basic,2,355.51,0,58,3,0.85,North
1231,Male,28,Gold,3,605.68,0,50,3,0.18,South
1232,Female,33,Basic,3,637.72,1,78,3,0.66,East
1233,Male,25,Gold,3,520.85,0,64,5,0.13,North
1234,Male,57,Basic,1,710.73,0,52,3,0.48,East
1235,Female,57,Gold,3,624.08,0,40,5,0.52,North
1236,Female,62,Silver,4,500.63,0,54,5,0.03,East
1237,Male,19,Silver,2,531.71,0,85,5,0.07,South
1238,Female,47,Silver,1,802.49,0,17,3,0.84,South
1239,Male,47,Silver,3,344.87,0,4,4,0.29,South
1240,Male,29,Basic,6,563.9,0,80,3,0.35,West
1241,Male,27,Gold,6,629.77,0,56,4,0.64,South
1242,Female,61,Basic,3,508.87,0,30,3,0.22,North
1243,Male,28,Platinum,3,491.66,1,34,4,0.19,South
1244,Male,32,Gold,2,765.67,1,86,5,0.42,West
1245,Male,33,Basic,1,906.27,1,44,4,0.06,East
1246,Female,34,Gold,2,549.84,1,69,4,0.92,West
1247,Female,43,Basic,1,603.82,0,65,3,0.94,West
1248,Female,19,Basic,4,687.03,0,53,4,0.45,East
1249,Female,29,Platinum,6,447.22,0,89,4,0.21,North
1250,Female,43,Silver,2,610.53,0,70,3,0.47,North
1251,Male,40,Silver,2,830.03,1,87,3,0.1,South
1252,Female,35,Basic,4,957.53,1,33,3,0.4,West
1253,Female,49,Basic,3,412.78,1,78,3,0.07,North
1254,Female,55,Platinum,4,465.78,1,36,4,0.71,South
1255,Male,64,Basic,4,535.2,0,18,4,0.28,West
1256,Female,20,Basic,2,544.38,0,51,1,0.52,West
1257,Female,55,Silver,3,762.55,0,57,1,0.01,North
1258,Male,20,Silver,3,605.12,0,44,4,0.52,South
1259,Female,47,Silver,5,750.32,0,10,5,0.0,East
1260,Male,18,Basic,4,636.25,0,39,1,0.93,West
1261,Male,47,Basic,7,582.95,1,56,4,0.5,South
1262,Male,62,Basic,2,667.03,0,49,5,0.1,East
1263,Male,49,Platinum,6,258.34,0,58,1,0.34,East
1264,Male,45,Basic,5,550.9,1,76,3,0.05,North
1265,Female,38,Gold,2,556.4,0,23,5,0.53,East
1266,Male,63,Gold,5,391.14,0,7,2,0.12,West
1267,Male,30,Gold,3,801.55,0,45,4,0.47,West
1268,Female,44,Gold,2,563.22,0,89,4,0.31,South
1269,Male,53,Basic,4,655.19,1,55,3,0.76,West
1270,Female,24,Basic,3,729.73,0,55,1,0.48,North
1271,Female,39,Silver,7,475.12,0,77,4,0.85,North
1272,Female,27,Basic,5,642.73,0,38,4,0.94,West
1273,Male,56,Gold,0,354.66,1,19,3,0.97,South
1274,Male,32,Silver,6,681.86,0,22,4,0.26,North
1275,Male,32,Gold,3,517.08,1,11,4,0.77,South
1276,Female,21,Basic,4,558.0,1,3,3,0.44,West
1277,Male,49,Platinum,1,768.29,0,19,4,0.43,East
1278,Male,40,Basic,6,872.82,0,7,3,0.87,North
1279,Male,23,Silver,4,491.98,1,34,4,0.15,East
1280,Female,41,Silver,7,472.48,1,11,4,0.48,North
1281,Female,37,Gold,2,703.43,0,5,4,0.59,West
1282,Male,54,Silver,2,696.39,0,71,3,0.07,South
1283,Male,37,Platinum,1,421.63,1,36,4,0.86,South
1284,Male,29,Platinum,2,596.49,0,5,4,0.31,South
1285,Male,50,Gold,5,596.78,1,56,4,0.66,West
1286,Female,45,Basic,1,593.74,1,5,5,0.93,South
1287,Female,25,Gold,2,699.2,0,27,5,0.72,North
1288,Female,18,Gold,2,827.48,1,27,4,0.89,East
1289,Female,54,Basic,4,565.07,1,32,3,0.07,West
1290,Male,39,Basic,2,869.62,0,89,5,0.49,East
1291,Male,23,Basic,3,581.52,0,15,2,0.56,North
1292,Male,38,Basic,2,845.17,1,54,4,0.69,North
1293,Female,49,Silver,6,663.69,0,20,4,0.12,East
1294,Male,52,Platinum,4,762.88,1,88,5,0.66,East
1295,Female,32,Silver,3,741.87,0,34,5,0.15,North
1296,Female,22,Silver,5,478.16,1,34,5,0.07,North
1297,Male,63,Platinum,3,654.77,1,46,4,0.47,North
1298,Male,23,Basic,3,462.64,0,21,4,0.6,North
1299,Male,42,Gold,7,584.58,0,39,3,0.96,North
1300,Female,63,Silver,7,428.38,0,40,5,0.7,East
1301,Male,57,Silver,4,569.74,1,44,4,0.59,East
1302,Female,46,Basic,0,609.12,1,36,5,0.21,West
1303,Male,24,Silver,5,472.04,1,55,2,0.15,South
1304,Female,57,Basic,5,599.9,0,89,3,0.61,South
1305,Female,30,Gold,4,720.61,0,71,4,0.22,East
1306,Male,55,Basic,3,453.11,0,50,2,0.71,East
1307,Female,35,Gold,3,733.36,0,58,3,0.11,South
1308,Female,19,Basic,6,738.66,0,74,2,0.34,South
1309,Male,25,Basic,5,457.16,0,74,5,0.77,South
1310,Female,28,Silver,2,207.8,1,38,5,0.83,West
1311,Male,50,Basic,0,763.52,0,24,4,0.35,North
1312,Female,55,Gold,0,563.22,1,74,3,0.21,South
1313,Male,44,Platinum,9,600.04,0,59,3,0.96,North
1314,Male,37,Gold,4,903.25,1,45,2,0.76,West
1315,Female,29,Basic,3,663.74,1,26,4,0.81,North
1316,Female,60,Silver,4,669.78,1,83,5,0.22,South
1317,Female,48,Silver,3,598.77,0,65,1,0.42,East
1318,Female,44,Gold,7,571.2,1,11,2,0.07,West
1319,Female,49,Basic,5,590.53,0,50,3,0.11,South
1320,Male,27,Silver,5,577.52,0,58,4,0.22,South
1321,Female,20,Silver,3,347.23,1,34,5,0.3,South
1322,Male,62,Basic,1,450.28,1,16,5,1.0,South
1323,Male,44,Basic,4,591.47,0,59,4,0.42,West
1324,Female,52,Silver,1,905.57,0,1,2,0.7,South
1325,Male,48,Gold,3,391.79,0,41,5,0.9,North
1326,Male,32,Platinum,7,522.12,1,28,2,0.25,South
1327,Male,33,Silver,5,520.63,1,15,3,0.14,West
1328,Male,30,Basic,1,703.62,0,80,3,0.24,East
1329,Female,52,Basic,4,613.99,1,46,3,0.88,East
1330,Male,28,Platinum,6,503.56,0,32,3,0.67,North
1331,Female,38,Platinum,8,773.13,1,39,5,0.45,North
1332,Female,28,Platinum,6,451.14,1,65,3,0.82,South
1333,Male,47,Gold,7,523.88,0,73,5,0.24,South
1334,Female,52,Basic,2,433.25,1,89,5,0.24,North
1335,Female,39,Gold,4,748.91,0,75,4,0.57,East
1336,Female,55,Silver,5,592.73,0,11,2,0.79,West
1337,Male,48,Basic,5,493.22,1,70,4,0.26,South
1338,Female,31,Gold,3,666.91,0,34,5,0.21,West
1339,Female,41,Basic,2,836.83,0,50,3,0.47,East
1340,Female,49,Basic,3,261.21,1,44,5,0.13,North
1341,Male,53,Silver,2,692.4,0,14,4,0.75,East
1342,Female,49,Silver,2,860.05,0,72,5,0.58,West
1343,Male,32,Gold,2,833.24,0,25,5,0.51,East
1344,Male,60,Basic,3,562.53,1,68,3,0.87,East
1345,Male,52,Basic,3,614.45,1,50,3,0.73,South
1346,Male,20,Basic,2,631.2,0,85,2,0.15,North
1347,Male,33,Basic,5,561.31,1,32,2,0.42,West
1348,Male,22,Basic,9,738.59,1,55,4,0.32,West
1349,Female,38,Silver,5,359.08,1,78,5,0.8,South
1350,Male,27,Silver,5,686.33,0,25,5,0.72,East
1351,Female,36,Gold,1,588.61,1,79,3,0.47,West
1352,Female,42,Platinum,7,751.63,1,52,3,0.82,South
1353,Male,21,Silver,4,766.49,1,56,4,0.41,West
1354,Female,46,Basic,3,616.51,0,22,3,0.8,South
1355,Female,36,Basic,5,506.62,0,47,3,0.03,South
1356,Female,60,Gold,4,755.73,0,70,5,0.13,North
1357,Female,19,Silver,3,408.9,1,51,5,0.76,North
1358,Male,27,Gold,4,442.08,1,66,5,0.11,East
1359,Female,60,Gold,2,588.53,1,70,4,0.68,South
1360,Male,42,Platinum,6,522.03,0,87,4,0.72,West
1361,Female,37,Platinum,4,567.72,0,75,5,0.66,East
1362,Female,36,Silver,8,554.42,0,65,3,0.82,South
1363,Male,40,Basic,4,596.03,0,22,5,0.51,East
1364,Female,41,Platinum,0,823.11,0,41,1,0.9,West
1365,Female,28,Silver,8,426.76,1,77,5,0.57,West
1366,Female,63,Basic,3,530.03,0,47,5,0.51,North
1367,Male,51,Silver,4,723.7,0,60,3,0.51,East
1368,Female,45,Silver,6,605.48,0,22,4,0.91,North
1369,Male,22,Gold,5,454.41,0,4,3,0.24,South
1370,Female,22,Silver,4,586.95,0,44,4,0.7,South
1371,Male,38,Basic,4,373.91,1,41,4,0.24,West
1372,Male,29,Platinum,2,754.84,0,82,4,0.09,South
1373,Female,21,Gold,4,617.75,0,38,5,0.95,East
1374,Female,59,Silver,7,930.05,0,17,3,0.13,West
1375,Male,37,Basic,6,431.98,1,89,4,0.69,West
1376,Male,55,Basic,5,500.27,1,17,5,0.42,East
1377,Female,42,Silver,3,625.67,0,45,4,0.84,East
1378,Male,31,Basic,4,797.57,1,46,5,0.77,North
1379,Female,28,Basic,6,527.22,0,8,3,0.14,South
1380,Female,49,Gold,3,494.46,1,15,5,0.47,West
1381,Female,28,Silver,5,611.38,0,33,5,0.03,South
1382,Female,35,Silver,3,499.23,0,49,5,0.43,North
1383,Male,44,Basic,9,671.4,0,10,5,0.7,North
1384,Female,35,Silver,3,611.46,0,62,3,0.23,West
1385,Male,40,Gold,0,704.78,0,55,3,0.81,South
1386,Female,28,Basic,1,734.14,0,58,3,0.05,South
1387,Male,38,Basic,1,654.95,0,63,3,0.03,West
1388,Female,61,Silver,5,773.08,0,11,4,0.03,West
1389,Male,22,Platinum,4,549.37,1,35,5,0.28,North
1390,Male,40,Silver,2,383.41,1,86,4,0.47,West
1391,Female,58,Basic,9,438.36,0,4,5,0.11,North
1392,Female,42,Basic,3,587.21,0,66,5,1.0,South
1393,Female,58,Gold,3,662.68,0,33,2,1.0,South
1394,Female,27,Basic,3,687.56,0,73,3,0.52,North
1395,Male,39,Silver,5,502.84,0,35,3,0.57,South
1396,Female,36,Silver,3,729.82,0,38,4,0.93,West
1397,Male,18,Basic,3,252.01,0,78,2,0.77,North
1398,Male,24,Gold,4,517.93,1,57,5,0.17,South
1399,Female,21,Gold,1,674.12,1,33,2,0.79,East
1400,Male,18,Silver,6,736.9,1,44,3,0.23,East
1401,Male,32,Basic,6,713.57,1,53,3,0.43,South
1402,Male,57,Basic,8,739.56,1,80,4,0.53,West
1403,Male,29,Silver,1,626.03,0,20,5,0.72,North
1404,Female,39,Silver,2,581.8,0,63,5,0.15,East
1405,Female,39,Basic,2,318.29,1,51,5,0.08,West
1406,Female,64,Basic,3,563.69,0,14,2,0.87,North
1407,Female,34,Basic,1,427.9,0,35,4,0.83,East
1408,Male,46,Platinum,3,692.44,0,45,3,0.52,East
1409,Male,63,Gold,3,394.82,0,33,2,0.66,East
1410,Female,31,Platinum,2,576.73,0,61,4,0.72,South
1411,Female,37,Basic,2,421.47,1,72,3,0.48,South
1412,Female,50,Platinum,0,598.22,0,53,3,0.26,West
1413,Male,60,Basic,2,580.27,0,78,2,0.48,North
1414,Female,32,Silver,6,336.97,1,78,5,0.95,South
1415,Female,29,Gold,4,651.64,0,50,4,0.84,North
1416,Female,57,Basic,5,557.31,1,15,3,0.47,East
1417,Male,37,Silver,5,604.19,1,42,5,0.23,South
1418,Male,47,Basic,5,537.73,0,20,5,0.89,East
1419,Male,55,Basic,2,492.47,1,68,5,0.64,North
1420,Male,20,Silver,9,713.52,0,7,4,0.4,South
1421,Male,45,Silver,2,754.68,1,66,3,0.11,South
1422,Male,43,Gold,5,745.35,1,73,3,0.75,East
1423,Male,47,Silver,7,394.88,1,23,4,0.32,West
1424,Male,30,Silver,5,808.29,1,36,5,0.61,South
1425,Female,30,Basic,3,684.44,0,12,5,0.57,North
1426,Female,19,Basic,2,787.41,1,23,3,0.7,South
1427,Male,54,Platinum,11,784.9,0,11,4,0.54,East
1428,Male,55,Basic,5,652.36,0,1,4,0.63,North
1429,Female,19,Silver,5,480.83,1,77,5,0.08,South
1430,Male,53,Basic,9,486.24,1,39,2,0.67,East
1431,Male,43,Gold,3,497.93,0,70,4,0.19,East
1432,Male,28,Gold,7,572.85,1,31,3,0.39,West
1433,Female,25,Basic,2,451.7,1,9,2,0.51,East
1434,Female,61,Basic,7,342.72,0,56,4,0.69,East
1435,Female,57,Silver,2,347.42,0,18,3,0.74,West
1436,Female,60,Basic,6,594.93,1,59,4,0.7,West
1437,Female,39,Basic,4,559.6,0,67,3,0.1,West
1438,Male,37,Gold,1,676.47,1,3,5,0.39,West
1439,Female,25,Basic,4,572.93,1,30,5,0.28,East
1440,Male,46,Gold,6,772.86,1,64,3,0.4,North
1441,Male,57,Silver,0,511.61,0,70,4,0.65,East
1442,Female,43,Basic,5,649.56,0,2,2,0.19,East
1443,Female,47,Silver,3,682.81,0,20,4,0.5,South
1444,Male,34,Silver,3,608.02,0,81,2,0.88,North
1445,Male,37,Basic,6,752.05,1,81,3,0.73,East
1446,Male,33,Silver,7,678.93,0,29,5,0.73,South
1447,Female,63,Basic,3,720.8,0,9,2,0.85,North
1448,Female,60,Basic,5,503.84,1,4,4,0.4,North
1449,Female,24,Basic,2,567.1,1,40,2,0.76,East
1450,Female,33,Basic,5,272.01,0,55,4,0.06,North
1451,Female,62,Basic,2,590.58,0,13,3,0.06,South
1452,Male,64,Silver,4,394.45,1,6,3,0.33,North
1453,Female,44,Silver,3,952.04,0,73,3,0.2,East
1454,Male,40,Silver,4,645.19,1,26,3,0.52,West
1455,Male,41,Gold,1,540.24,1,41,5,0.18,East
1456,Male,26,Gold,1,712.89,1,42,5,0.98,West
1457,Female,52,Silver,3,391.39,0,78,5,0.85,South
1458,Female,37,Silver,4,525.91,0,61,2,0.98,North
1459,Female,54,Basic,4,547.7,1,62,3,0.81,South
1460,Male,59,Gold,2,696.71,1,68,4,0.95,North
1461,Male,34,Basic,0,453.27,1,21,5,0.37,North
1462,Male,64,Basic,7,495.41,0,31,4,0.5,North
1463,Male,48,Gold,2,616.74,0,43,3,0.24,West
1464,Male,25,Basic,5,694.71,0,21,5,0.64,North
1465,Male,32,Basic,8,631.71,0,29,2,0.79,West
1466,Female,48,Silver,3,464.07,1,55,5,0.5,East
1467,Female,47,Silver,4,615.98,0,58,5,0.3,West
1468,Female,63,Gold,2,497.25,0,24,5,0.51,East
1469,Female,37,Gold,5,458.56,1,45,2,0.06,West
1470,Male,56,Basic,2,661.22,1,80,4,0.72,South
1471,Male,29,Basic,3,681.95,1,9,4,0.45,North
1472,Female,34,Silver,1,597.96,1,85,3,0.9,South
1473,Male,59,Basic,3,676.66,0,66,4,0.92,South
1474,Female,47,Silver,3,715.49,0,2,4,0.13,West
1475,Female,46,Basic,5,232.85,1,37,3,1.0,West
1476,Female,36,Silver,4,661.59,1,37,3,0.97,East
1477,Male,63,Silver,3,832.3,0,69,2,0.63,South
1478,Female,28,Silver,6,557.36,0,46,5,0.83,South
1479,Female,51,Silver,3,830.57,0,6,5,0.02,West
1480,Female,24,Silver,3,647.31,1,48,5,0.97,South
1481,Male,61,Basic,5,611.95,1,8,1,0.46,North
1482,Male,51,Basic,4,639.95,0,32,4,0.91,North
1483,Female,37,Basic,5,371.8,0,77,3,0.39,West
1484,Male,55,Silver,1,850.74,1,67,4,0.79,South
1485,Male,41,Basic,4,525.44,1,73,4,0.42,South
1486,Male,27,Silver,5,420.27,0,68,5,0.36,North
1487,Male,49,Basic,6,519.95,1,28,3,0.95,West
1488,Male,32,Silver,3,603.46,0,40,1,0.7,North
1489,Male,54,Gold,3,769.41,0,16,5,0.84,South
1490,Male,37,Basic,5,588.68,1,57,5,0.54,West
1491,Male,20,Basic,0,551.82,1,75,4,0.92,South
1492,Male,54,Basic,4,554.19,0,55,2,0.74,West
1493,Male,57,Silver,4,396.6,1,83,4,0.07,North
1494,Female,25,Silver,4,520.97,1,86,4,0.77,North
1495,Female,57,Basic,4,511.46,1,39,5,0.02,West
1496,Male,61,Silver,2,637.51,1,76,4,0.83,West
1497,Female,40,Basic,5,341.57,0,55,2,0.33,North
1498,Female,57,Silver,4,533.78,1,30,4,0.6,North
1499,Male,28,Silver,1,796.15,0,42,2,0.75,South
1500,Male,63,Gold,1,662.99,0,5,2,0.64,West
1501,Male,25,Basic,5,741.0,0,45,3,0.67,West
1502,Female,46,Gold,5,541.04,1,64,2,0.89,West
1503,Female,47,Gold,4,849.92,0,32,5,0.37,North
1504,Male,27,Basic,2,719.54,0,12,4,0.55,North
1505,Male,56,Basic,6,610.27,1,66,4,0.17,North
1506,Male,45,Silver,4,696.93,1,52,4,0.47,East
1507,Female,53,Gold,1,414.64,0,71,5,0.15,East
1508,Female,30,Gold,6,411.51,1,32,5,0.63,North
1509,Female,49,Silver,6,721.06,1,35,5,0.32,West
1510,Female,53,Gold,5,770.07,1,6,3,0.86,West
1511,Male,54,Basic,5,462.03,0,22,2,0.34,West
1512,Male,43,Basic,6,728.18,1,89,4,0.29,South
1513,Male,39,Platinum,3,680.21,0,47,3,0.49,North
1514,Male,21,Gold,5,480.76,1,13,3,0.18,West
1515,Female,48,Silver,2,450.97,1,23,2,0.2,West
1516,Female,35,Gold,6,491.8,1,44,3,0.78,North
1517,Male,55,Platinum,4,526.69,1,9,4,0.5,North
1518,Male,41,Gold,7,540.5,1,59,4,0.21,North
1519,Female,40,Gold,9,361.18,1,30,5,0.03,East
1520,Male,39,Gold,0,526.89,0,84,4,0.47,North
1521,Female,19,Basic,2,647.69,1,44,3,0.74,North
1522,Male,48,Gold,6,699.31,0,49,4,0.35,East
1523,Male,28,Basic,5,511.41,0,16,5,0.25,North
1524,Male,45,Gold,3,824.14,1,86,1,0.4,West
1525,Male,63,Silver,3,603.03,1,74,4,0.96,West
1526,Male,49,Silver,5,980.33,0,84,3,0.42,West
1527,Male,22,Silver,9,487.99,1,53,2,0.26,West
1528,Male,55,Basic,4,654.26,1,2,3,0.57,West
1529,Female,27,Basic,7,586.85,1,67,4,0.81,South
1530,Female,57,Platinum,2,499.89,0,42,4,0.02,East
1531,Female,63,Platinum,3,729.24,1,64,1,0.56,North
1532,Female,41,Basic,5,714.41,1,8,4,0.84,West
1533,Female,52,Platinum,2,561.53,0,73,3,0.22,West
1534,Male,61,Gold,2,647.77,1,21,3,0.92,West
1535,Male,40,Silver,5,638.96,0,60,3,0.58,South
1536,Female,34,Basic,6,560.8,0,34,5,0.52,North
1537,Male,18,Platinum,4,486.63,0,4,1,0.96,North
1538,Female,48,Silver,2,599.73,0,89,3,0.13,West
1539,Female,48,Gold,5,571.4,0,62,3,0.74,South
1540,Male,59,Gold,3,440.78,1,76,4,0.82,South
1541,Male,59,Gold,5,698.65,1,2,5,0.49,West
1542,Male,51,Silver,2,606.73,0,50,4,0.01,West
1543,Female,26,Basic,3,579.63,0,76,5,0.52,South
1544,Male,39,Basic,1,376.33,0,26,3,0.15,North
1545,Female,30,Basic,5,647.56,0,85,5,0.56,South
1546,Female,42,Basic,3,376.76,1,37,3,0.74,South
1547,Female,35,Silver,4,621.16,0,55,1,0.53,North
1548,Male,29,Silver,1,727.85,0,18,4,0.63,North
1549,Male,57,Gold,4,849.33,1,24,4,0.1,North
1550,Female,34,Basic,6,610.04,1,30,2,0.1,North
1551,Male,32,Silver,8,863.75,0,17,5,0.85,East
1552,Male,59,Basic,2,709.9,1,80,4,0.05,North
1553,Male,32,Basic,3,670.87,0,42,4,0.28,South
1554,Female,32,Basic,4,767.38,1,81,3,0.94,South
1555,Female,56,Gold,6,800.86,0,12,3,0.46,North
1556,Male,30,Basic,4,723.52,1,27,5,0.67,South
1557,Female,34,Gold,2,578.84,0,55,4,0.22,South
1558,Male,49,Basic,4,519.55,0,4,4,0.27,East
1559,Male,26,Gold,6,406.36,1,35,4,0.51,East
1560,Male,57,Gold,4,625.21,0,65,5,0.64,West
1561,Male,37,Platinum,0,777.2,0,76,4,0.96,West
1562,Female,43,Gold,6,455.74,0,29,2,0.57,North
1563,Female,44,Platinum,9,438.51,0,72,4,0.1,East
1564,Female,38,Gold,3,869.69,1,72,4,0.37,West
1565,Male,35,Silver,6,561.57,0,76,5,0.24,South
1566,Male,30,Basic,3,341.9,0,36,4,0.25,West
1567,Male,33,Basic,3,381.53,0,34,3,0.51,North
1568,Female,26,Basic,2,666.4,1,36,2,0.32,West
1569,Male,29,Silver,5,528.59,0,55,4,0.29,North
1570,Female,61,Silver,5,671.77,1,4,4,0.97,West
1571,Female,55,Gold,1,566.74,0,11,3,0.58,West
1572,Female,36,Platinum,4,631.69,0,59,4,0.26,South
1573,Female,24,Silver,3,865.09,1,3,5,0.28,South
1574,Female,52,Silver,3,572.01,1,74,3,0.81,South
1575,Female,35,Platinum,1,776.62,1,12,4,0.89,South
1576,Male,33,Basic,3,617.02,1,73,2,0.68,East
1577,Male,56,Gold,1,427.4,0,21,1,0.43,West
1578,Female,21,Basic,5,896.46,0,22,1,0.76,South
1579,Female,42,Silver,6,918.35,0,18,4,0.94,North
1580,Male,49,Basic,4,577.03,0,6,5,0.17,East
1581,Female,57,Gold,4,622.77,0,89,5,0.86,North
1582,Female,30,Silver,1,785.93,0,79,3,0.85,South
1583,Male,62,Basic,6,572.28,1,65,2,0.37,West
1584,Female,34,Basic,1,744.97,0,55,4,0.29,West
1585,Female,54,Silver,3,477.93,1,40,1,0.57,West
1586,Female,23,Platinum,2,874.96,0,82,5,0.27,South
1587,Male,36,Gold,3,654.52,1,52,3,0.15,North
1588,Male,30,Silver,5,712.62,0,44,3,0.95,West
1589,Male,43,Basic,2,803.47,1,62,3,0.49,North
1590,Female,31,Silver,2,722.81,0,84,5,0.47,South
1591,Female,48,Gold,6,592.4,0,89,3,0.13,West
1592,Male,21,Gold,3,858.08,0,74,3,0.5,East
1593,Female,56,Basic,4,725.27,1,29,4,0.74,South
1594,Female,25,Gold,6,575.3,1,19,4,0.25,East
1595,Female,42,Silver,3,374.52,0,28,5,0.37,South
1596,Female,30,Platinum,2,597.82,0,19,3,0.18,East
1597,Female,49,Platinum,7,520.57,1,31,2,0.36,South
1598,Male,55,Gold,4,603.69,1,54,4,0.86,North
1599,Female,55,Gold,4,503.75,0,62,3,0.24,North
1600,Male,45,Basic,5,657.62,1,14,3,0.03,West
1601,Female,47,Gold,3,532.64,0,50,3,0.54,West
1602,Male,20,Silver,5,814.06,1,59,5,0.58,West
1603,Female,45,Basic,5,692.09,1,70,3,0.33,South
1604,Male,20,Basic,9,530.18,0,58,5,0.64,West
1605,Female,62,Gold,1,601.36,0,9,5,0.04,South
1606,Male,51,Basic,5,676.32,1,57,5,0.34,East
1607,Female,33,Silver,3,374.59,1,41,4,0.14,East
1608,Male,39,Silver,3,670.25,1,27,5,0.23,South
1609,Female,49,Basic,2,343.55,0,58,4,0.38,East
1610,Male,55,Basic,5,830.26,1,81,2,0.49,North
1611,Male,25,Gold,2,544.05,1,68,5,0.09,North
1612,Female,25,Gold,4,757.34,1,58,4,0.1,South
1613,Female,23,Basic,5,428.27,0,24,3,0.67,North
1614,Male,31,Gold,3,686.16,0,80,5,0.4,East
1615,Female,49,Gold,4,424.05,0,62,4,0.18,West
1616,Male,52,Silver,2,555.89,0,81,5,0.23,West
1617,Male,27,Gold,10,745.16,1,67,5,0.72,South
1618,Male,20,Platinum,4,692.54,0,3,3,0.05,North
1619,Female,29,Silver,2,684.83,0,51,3,0.51,West
1620,Male,48,Basic,4,546.93,1,67,4,0.36,West
1621,Male,46,Platinum,3,443.16,0,80,4,0.81,West
1622,Female,22,Silver,3,717.17,1,57,2,0.79,South
1623,Female,42,Basic,1,461.99,0,20,3,0.69,North
1624,Female,58,Silver,6,506.67,0,45,3,0.38,North
1625,Female,48,Silver,2,814.1,0,6,4,0.63,West
1626,Male,38,Gold,6,686.75,1,33,2,0.64,North
1627,Male,37,Silver,6,395.46,1,43,3,0.33,North
1628,Male,56,Basic,4,598.37,1,50,4,0.88,West
1629,Male,39,Silver,4,576.29,0,27,2,0.98,South
1630,Female,21,Silver,3,543.8,0,30,3,0.31,West
1631,Male,30,Basic,6,548.37,0,18,5,0.8,North
1632,Male,62,Silver,4,796.28,1,30,4,0.5,North
1633,Female,59,Gold,6,899.18,1,15,3,0.46,North
1634,Male,37,Basic,6,593.63,1,76,5,0.39,South
1635,Male,30,Silver,2,624.57,0,62,3,0.29,North
1636,Male,34,Basic,3,395.38,0,21,4,0.92,North
1637,Male,53,Basic,7,854.2,0,12,3,0.74,North
1638,Male,50,Basic,3,501.21,0,49,5,0.44,South
1639,Male,18,Basic,8,536.56,0,1,3,0.75,West
1640,Female,32,Gold,1,718.57,0,75,3,0.72,North
1641,Female,30,Basic,7,642.13,0,55,4,0.27,North
1642,Male,34,Gold,7,682.4,0,25,4,0.18,South
1643,Male,41,Basic,6,701.92,1,47,4,0.84,East
1644,Female,25,Platinum,0,598.77,0,73,4,0.81,South
1645,Male,44,Silver,8,732.44,0,39,3,1.0,East
1646,Male,62,Gold,4,343.92,1,27,5,0.02,East
1647,Male,40,Basic,2,845.35,1,50,4,0.54,East
1648,Female,63,Silver,3,572.75,0,55,3,0.7,East
1649,Male,25,Basic,4,730.98,1,28,5,0.58,East
1650,Female,25,Platinum,7,673.9,0,57,5,0.71,South
1651,Male,43,Silver,5,300.33,0,82,5,0.14,North
1652,Female,64,Silver,2,632.76,0,79,4,0.0,South
1653,Female,30,Gold,8,283.07,0,16,4,0.09,West
1654,Male,56,Basic,5,674.11,1,87,5,0.38,South
1655,Female,54,Gold,3,632.6,1,56,2,0.33,North
1656,Male,45,Silver,2,408.1,0,35,5,0.87,North
1657,Female,42,Gold,5,628.25,0,28,3,0.08,West
1658,Male,33,Silver,5,528.73,0,46,2,0.44,West
1659,Male,19,Basic,5,575.45,0,67,3,0.96,South
1660,Female,35,Basic,6,211.95,0,16,4,0.5,South
1661,Male,34,Gold,8,414.28,0,79,1,0.13,West
1662,Male,47,Silver,8,481.94,0,83,1,0.29,West
1663,Female,56,Silver,4,429.45,1,74,4,0.63,South
1664,Male,30,Platinum,3,521.19,0,49,4,0.01,West
1665,Male,49,Basic,3,499.17,1,68,5,0.97,West
1666,Female,46,Gold,2,645.26,0,22,3,0.57,South
1667,Female,63,Platinum,3,190.21,1,18,3,0.7,North
1668,Male,47,Gold,4,898.87,0,22,2,0.5,West
1669,Male,35,Gold,4,507.72,0,16,4,0.96,East
1670,Female,30,Basic,3,554.04,0,56,3,0.59,West
1671,Female,60,Basic,6,689.2,1,3,3,0.66,South
1672,Male,38,Gold,4,860.84,1,53,4,0.86,East
1673,Female,47,Basic,4,511.63,0,35,5,0.86,East
1674,Male,38,Basic,6,703.4,0,80,2,0.03,West
1675,Male,34,Gold,5,499.36,0,85,4,0.28,South
1676,Male,57,Basic,2,741.04,1,21,3,0.25,South
1677,Male,36,Platinum,4,704.57,1,65,3,0.01,West
1678,Male,32,Gold,5,440.11,0,57,3,0.88,North
1679,Female,26,Gold,4,686.85,0,47,4,0.32,East
1680,Female,27,Gold,3,385.91,1,34,4,0.35,South
1681,Female,61,Gold,1,488.79,0,48,5,0.1,South
1682,Female,48,Gold,4,399.09,0,39,5,0.99,West
1683,Male,40,Silver,4,600.14,0,87,4,0.83,West
1684,Male,47,Basic,4,749.75,0,30,3,0.57,North
1685,Male,50,Gold,3,413.61,0,50,5,0.77,West
1686,Male,26,Gold,3,660.14,1,16,5,0.78,South
1687,Female,64,Silver,2,563.71,1,3,5,0.66,East
1688,Male,18,Basic,4,445.99,1,61,1,0.17,South
1689,Male,61,Silver,4,536.7,1,2,5,0.72,South
1690,Female,52,Basic,5,686.83,0,26,5,0.57,West
1691,Female,28,Platinum,4,741.03,0,18,4,0.72,North
1692,Female,51,Platinum,7,646.12,0,66,5,0.54,East
1693,Female,33,Basic,3,594.44,1,40,5,0.96,West
1694,Male,26,Silver,3,603.44,0,3,4,0.63,East
1695,Male,49,Basic,5,490.25,1,17,5,0.57,West
1696,Female,32,Gold,1,614.53,0,24,5,0.84,East
1697,Male,29,Basic,1,379.47,0,2,5,0.38,South
1698,Male,50,Silver,6,582.21,0,70,5,0.32,South
1699,Male,62,Basic,1,854.9,1,40,4,0.5,West
1700,Female,31,Basic,9,534.16,0,26,1,0.58,West
1701,Male,25,Silver,2,768.18,1,57,1,0.22,South
1702,Female,25,Basic,3,700.64,0,49,5,0.68,West
1703,Male,44,Silver,5,815.67,0,57,3,0.8,East
1704,Male,29,Basic,6,130.82,0,56,3,0.58,East
1705,Male,18,Silver,5,626.56,1,70,4,0.52,West
1706,Female,60,Gold,8,688.21,0,76,3,0.29,East
1707,Male,57,Gold,4,719.76,0,21,4,0.91,East
1708,Female,59,Gold,8,780.19,0,16,5,0.75,South
1709,Female,28,Platinum,3,704.46,0,6,3,0.48,North
1710,Female,56,Basic,4,635.49,0,34,4,0.66,East
1711,Male,60,Basic,5,456.18,1,59,4,0.34,West
1712,Male,48,Silver,5,314.57,1,67,4,0.06,North
1713,Male,34,Gold,6,800.9,0,41,3,0.2,East
1714,Male,50,Platinum,3,508.91,1,19,5,0.08,North
1715,Female,49,Basic,0,547.46,0,29,3,0.51,North
1716,Female,46,Basic,5,735.83,0,32,3,0.62,North
1717,Female,38,Basic,3,597.14,1,10,4,0.38,South
1718,Male,38,Gold,5,426.41,0,64,5,0.53,North
1719,Female,57,Silver,3,343.88,1,77,4,0.09,South
1720,Male,40,Basic,1,546.23,1,20,4,0.77,West
1721,Female,23,Silver,2,614.39,0,28,4,0.03,West
1722,Male,39,Silver,2,719.43,0,27,3,0.63,North
1723,Male,55,Gold,2,581.26,0,77,2,0.43,South
1724,Female,54,Basic,2,603.0,0,25,2,0.18,East
1725,Female,62,Gold,5,402.02,0,29,1,0.52,West
1726,Female,25,Silver,9,756.2,0,15,4,0.78,East
1727,Female,58,Gold,5,1051.96,0,45,2,0.41,North
1728,Male,52,Gold,5,795.18,1,45,5,0.37,South
1729,Female,28,Basic,1,781.61,1,30,5,0.14,East
1730,Female,41,Basic,2,651.77,0,38,4,0.59,South
1731,Female,38,Gold,3,443.23,0,60,3,0.83,West
1732,Male,19,Basic,4,470.73,1,32,3,0.56,West
1733,Male,57,Gold,6,698.8,0,50,4,0.17,South
1734,Female,36,Gold,6,733.62,1,71,4,0.66,West
1735,Male,56,Gold,4,459.13,0,35,3,0.03,West
1736,Female,45,Basic,4,668.19,1,76,3,0.84,West
1737,Male,34,Basic,4,616.97,1,87,4,0.92,East
1738,Male,23,Silver,5,674.27,0,5,4,0.6,West
1739,Male,36,Basic,7,653.66,1,31,4,0.88,South
1740,Male,55,Gold,5,661.39,1,80,5,0.08,West
1741,Female,45,Gold,3,308.19,1,53,5,0.23,South
1742,Female,19,Silver,7,873.58,1,1,3,0.32,South
1743,Female,55,Gold,4,812.3,0,86,5,0.77,East
1744,Male,54,Basic,6,597.76,1,69,4,0.48,South
1745,Female,21,Basic,4,422.99,1,68,5,0.35,East
1746,Female,39,Platinum,3,684.48,0,65,5,0.16,South
1747,Female,43,Platinum,2,380.71,1,15,3,0.81,South
1748,Male,60,Silver,1,851.54,1,52,3,0.02,East
1749,Male,53,Platinum,2,575.79,0,38,3,0.34,East
1750,Male,30,Silver,4,510.54,0,24,2,0.24,South
1751,Female,49,Basic,8,687.55,1,23,4,0.13,South
1752,Female,34,Basic,3,529.57,0,47,4,0.17,North
1753,Female,58,Platinum,3,558.0,0,7,3,0.49,South
1754,Male,53,Basic,5,480.96,0,31,4,0.43,East
1755,Male,63,Silver,6,693.76,1,7,4,0.52,South
1756,Female,36,Silver,5,646.13,0,77,2,0.73,North
1757,Male,52,Gold,5,757.55,1,4,4,0.89,South
1758,Male,63,Silver,4,356.23,0,54,4,0.12,West
1759,Male,57,Basic,5,417.42,1,82,4,0.08,North
1760,Male,45,Basic,2,522.36,0,83,4,0.32,East
1761,Female,18,Silver,3,766.69,0,80,4,0.55,West
1762,Male,59,Gold,2,386.24,0,52,2,0.1,East
1763,Male,35,Silver,3,472.56,1,82,5,0.72,South
1764,Male,57,Gold,5,813.07,0,80,4,0.56,North
1765,Male,50,Basic,4,679.45,0,48,4,0.75,East
1766,Female,29,Gold,1,762.05,0,89,3,0.36,South
1767,Female,25,Silver,2,586.34,0,66,3,0.4,East
1768,Male,41,Basic,4,865.25,0,54,5,0.81,West
1769,Male,33,Silver,7,382.34,1,80,3,0.27,South
1770,Male,21,Gold,3,567.84,0,54,4,0.38,North
1771,Male,55,Gold,5,555.51,1,45,4,0.01,South
1772,Male,61,Basic,6,557.37,0,40,4,0.56,East
1773,Male,44,Gold,1,411.67,1,35,2,0.85,South
1774,Female,26,Basic,4,683.17,0,24,3,0.03,East
1775,Male,64,Basic,2,416.31,1,35,2,0.61,North
1776,Female,33,Silver,4,400.15,1,37,4,0.85,East
1777,Female,29,Silver,4,211.06,0,75,5,0.49,West
1778,Male,48,Gold,1,488.68,0,34,3,0.31,East
1779,Female,41,Basic,6,622.01,1,24,5,1.0,North
1780,Female,31,Basic,6,643.27,0,4,3,0.06,West
1781,Female,62,Silver,1,566.39,0,50,5,0.21,North
1782,Female,42,Basic,6,499.55,0,78,3,0.89,South
1783,Female,51,Basic,5,539.17,1,24,3,0.3,North
1784,Female,20,Basic,2,498.81,1,36,4,0.82,West
1785,Male,41,Silver,2,908.09,0,79,4,0.33,East
1786,Female,59,Basic,4,415.75,0,35,3,0.81,South
1787,Female,26,Silver,6,483.7,1,29,2,0.69,North
1788,Female,43,Basic,5,599.93,1,36,3,0.47,East
1789,Male,37,Basic,1,435.58,0,68,5,0.52,North
1790,Female,57,Silver,5,606.91,0,79,5,0.18,East
1791,Male,27,Basic,5,354.28,0,11,3,0.12,North
1792,Female,36,Silver,3,618.58,0,55,4,0.72,South
1793,Male,20,Basic,4,533.36,1,49,1,0.85,South
1794,Male,41,Silver,4,488.2,1,79,3,0.72,South
1795,Female,22,Basic,5,556.22,0,57,3,0.91,East
1796,Female,20,Basic,3,518.86,1,85,4,0.89,South
1797,Male,44,Silver,2,539.57,1,87,1,0.78,South
1798,Female,33,Platinum,3,714.99,0,55,5,0.9,South
1799,Male,32,Basic,3,869.85,1,56,3,0.17,East
1800,Male,52,Silver,7,194.33,0,74,5,0.73,South
1801,Male,29,Gold,5,565.18,0,4,4,0.75,West
1802,Male,58,Silver,3,407.58,0,25,3,0.15,South
1803,Male,61,Gold,3,548.82,0,2,4,0.91,North
1804,Female,43,Basic,4,660.41,1,19,3,0.01,East
1805,Male,64,Platinum,5,958.08,1,88,3,0.43,South
1806,Male,51,Basic,5,551.64,0,8,2,0.02,South
1807,Female,40,Basic,1,619.48,0,64,3,0.52,South
1808,Male,48,Gold,4,462.91,0,6,2,0.41,North
1809,Female,37,Silver,4,455.07,1,84,3,0.62,North
1810,Female,29,Silver,4,447.93,1,14,1,0.77,North
1811,Female,40,Gold,3,492.37,1,70,3,0.77,South
1812,Male,21,Silver,8,528.79,1,76,5,0.72,East
1813,Male,40,Basic,2,813.23,0,71,5,0.1,East
1814,Male,18,Silver,3,548.06,0,57,3,0.42,North
1815,Female,42,Basic,4,683.26,0,30,4,0.82,South
1816,Male,19,Gold,6,644.11,1,80,4,0.65,East
1817,Female,47,Platinum,2,742.84,1,8,3,0.68,South
1818,Male,20,Basic,4,314.69,0,14,3,0.23,West
1819,Female,38,Silver,6,651.45,0,48,5,0.33,North
1820,Male,42,Basic,1,634.44,1,84,4,0.96,North
1821,Male,37,Basic,4,585.03,0,28,5,0.85,West
1822,Male,39,Platinum,3,761.44,0,6,4,0.16,South
1823,Female,38,Basic,3,581.87,0,30,4,0.54,East
1824,Female,50,Silver,4,731.84,0,4,4,0.49,East
1825,Male,55,Gold,8,625.51,1,67,4,0.44,West
1826,Male,32,Gold,6,637.1,0,10,4,0.47,North
1827,Female,63,Silver,3,647.43,1,27,1,0.64,South
1828,Female,32,Silver,4,570.09,0,82,4,0.97,West
1829,Female,63,Silver,2,834.6,0,45,4,0.88,West
1830,Male,42,Platinum,2,761.34,1,75,2,0.88,North
1831,Female,38,Silver,6,591.07,0,35,3,0.7,East
1832,Male,41,Silver,2,625.65,0,13,5,0.02,South
1833,Female,22,Basic,5,672.15,0,55,5,0.44,South
1834,Male,23,Basic,2,721.51,0,87,5,0.51,North
1835,Female,60,Silver,3,841.91,1,43,3,0.84,South
1836,Female,61,Platinum,10,736.02,0,73,3,0.92,South
1837,Female,64,Gold,3,573.84,0,68,3,0.45,South
1838,Female,40,Platinum,4,477.37,1,43,4,0.3,South
1839,Female,21,Silver,4,748.83,1,40,5,0.34,North
1840,Male,44,Gold,7,643.36,0,31,5,0.58,South
1841,Female,35,Gold,11,452.62,0,3,5,0.27,East
1842,Female,38,Silver,2,728.0,0,17,2,0.91,North
1843,Female,45,Basic,6,827.46,0,80,2,0.42,South
1844,Male,52,Silver,8,601.06,0,39,5,0.99,West
1845,Female,39,Gold,4,834.99,1,66,5,0.11,North
1846,Male,57,Basic,4,714.93,0,69,4,0.19,East
1847,Female,40,Platinum,2,426.21,1,77,3,0.51,South
1848,Female,20,Basic,5,663.38,0,76,4,0.87,South
1849,Male,57,Gold,4,334.33,1,19,4,0.35,West
1850,Female,27,Silver,3,653.11,0,22,3,0.84,West
1851,Male,42,Gold,5,446.3,1,8,3,0.43,North
1852,Male,25,Silver,8,628.85,0,68,4,0.85,North
1853,Female,28,Platinum,4,701.63,0,71,3,0.28,North
1854,Male,22,Silver,4,511.76,1,86,5,0.47,West
1855,Female,62,Basic,3,853.57,0,18,3,0.28,North
1856,Female,54,Silver,4,461.78,1,6,4,0.22,North
1857,Male,62,Basic,3,279.2,1,4,4,0.42,South
1858,Male,55,Basic,5,595.67,0,41,4,0.33,North
1859,Male,46,Basic,5,804.78,1,51,3,0.79,North
1860,Male,22,Gold,3,596.85,0,12,4,0.75,West
1861,Female,26,Silver,2,511.05,0,37,2,0.36,North
1862,Female,19,Silver,6,352.7,1,2,3,0.99,East
1863,Male,18,Basic,9,514.28,1,3,3,0.97,West
1864,Female,57,Basic,2,428.68,0,45,2,0.92,South
1865,Female,47,Platinum,4,636.55,1,85,5,0.59,North
1866,Female,28,Silver,2,649.26,0,39,4,0.41,South
1867,Female,45,Platinum,5,457.66,1,77,3,0.31,South
1868,Male,61,Basic,4,551.06,0,54,5,0.02,North
1869,Male,29,Basic,6,816.93,0,78,3,0.63,East
1870,Female,56,Gold,4,536.11,0,18,3,0.55,East
1871,Male,43,Silver,10,532.3,0,13,2,0.63,South
1872,Male,30,Basic,3,627.98,1,14,4,0.58,North
1873,Male,25,Basic,5,388.52,0,41,4,0.14,South
1874,Female,45,Gold,4,742.47,1,40,2,0.7,West
1875,Female,47,Silver,3,538.03,0,89,1,0.36,South
1876,Female,26,Silver,4,426.29,0,87,4,0.52,West
1877,Male,56,Basic,4,680.59,0,71,4,0.37,North
1878,Female,48,Basic,4,526.84,0,48,5,0.02,East
1879,Female,38,Platinum,2,468.63,0,10,4,0.88,South
1880,Male,64,Basic,0,610.9,0,89,4,0.15,South
1881,Female,51,Silver,4,757.77,0,54,4,0.58,South
1882,Female,48,Gold,3,538.4,0,35,4,0.88,South
1883,Male,42,Basic,5,455.22,1,24,3,0.22,South
1884,Male,29,Silver,4,263.13,0,49,2,0.41,North
1885,Male,18,Silver,3,382.49,1,42,4,0.38,East
1886,Female,39,Silver,4,527.64,0,75,5,0.09,West
1887,Female,57,Silver,4,403.88,1,84,3,0.42,North
1888,Female,54,Basic,1,495.18,0,74,4,0.48,West
1889,Male,64,Silver,4,889.2,0,50,3,0.03,North
1890,Male,18,Silver,3,784.67,1,21,3,0.49,North
1891,Female,18,Silver,3,477.29,0,28,3,0.09,West
1892,Female,59,Basic,6,620.71,0,55,3,0.89,East
1893,Male,59,Silver,3,437.92,0,27,3,0.65,North
1894,Male,38,Platinum,4,834.32,1,68,3,0.06,West
1895,Male,32,Silver,3,610.67,0,84,4,0.83,East
1896,Male,34,Gold,4,757.53,0,6,2,0.36,South
1897,Female,39,Silver,7,482.0,0,58,4,0.23,South
1898,Male,55,Gold,5,840.19,0,6,1,0.25,West
1899,Female,52,Platinum,4,534.01,1,60,3,0.6,North
1900,Female,62,Basic,4,335.13,1,81,4,0.08,South
1901,Female,33,Silver,4,573.97,0,19,4,0.06,South
1902,Male,25,Basic,7,496.97,0,61,5,0.63,West
1903,Male,64,Silver,6,750.76,1,17,1,0.98,West
1904,Male,34,Basic,2,506.94,0,49,4,0.48,South
1905,Male,34,Gold,7,680.67,0,3,3,0.41,North
1906,Female,43,Basic,4,497.66,0,34,4,0.95,West
1907,Male,30,Silver,2,473.13,0,62,3,0.24,West
1908,Male,34,Silver,6,600.12,0,60,4,0.24,North
1909,Female,55,Basic,6,679.76,0,68,4,0.91,East
1910,Male,34,Platinum,2,365.93,1,87,5,0.65,West
1911,Female,31,Gold,4,738.44,1,82,5,0.05,South
1912,Female,62,Silver,1,740.56,0,34,5,0.67,North
1913,Female,23,Silver,6,554.32,1,29,4,0.82,South
1914,Female,52,Basic,7,571.46,1,60,5,0.27,North
1915,Female,63,Gold,4,202.71,0,44,3,0.38,East
1916,Female,31,Basic,3,870.4,0,15,1,0.2,West
1917,Female,64,Silver,3,551.75,1,45,4,0.63,East
1918,Female,25,Gold,5,762.59,1,75,5,0.66,West
1919,Male,32,Basic,2,509.24,0,9,4,0.07,North
1920,Male,44,Gold,0,600.43,0,35,3,0.68,South
1921,Male,30,Basic,6,678.46,0,10,4,0.66,East
1922,Male,48,Platinum,5,531.16,1,38,1,0.04,North
1923,Female,52,Basic,4,365.22,0,29,4,0.56,East
1924,Male,23,Silver,3,581.12,0,46,3,0.61,North
1925,Female,22,Basic,2,387.84,1,70,1,0.43,East
1926,Male,39,Gold,2,470.58,0,83,3,0.9,North
1927,Male,40,Silver,4,505.5,0,73,4,0.33,East
1928,Male,42,Basic,4,611.84,1,45,4,0.07,East
1929,Female,51,Silver,4,503.55,0,77,1,0.67,North
1930,Male,43,Silver,6,417.1,0,53,3,0.61,East
1931,Female,64,Silver,5,628.17,1,84,5,0.99,North
1932,Female,22,Gold,2,697.84,0,2,5,0.23,East
1933,Male,43,Silver,3,392.04,0,4,5,0.4,West
1934,Male,37,Basic,6,602.86,1,71,1,0.46,West
1935,Male,23,Basic,3,712.87,0,19,3,0.86,East
1936,Female,23,Silver,3,615.22,0,11,3,0.41,North
1937,Male,35,Silver,4,418.44,0,83,3,0.77,West
1938,Female,21,Basic,4,635.91,0,32,4,0.16,East
1939,Female,34,Basic,4,599.95,1,14,3,0.41,East
1940,Male,31,Silver,4,622.8,1,49,5,0.15,North
1941,Male,31,Platinum,1,605.67,0,69,5,0.95,South
1942,Female,30,Basic,7,297.22,0,25,3,0.18,North
1943,Female,24,Silver,4,573.97,0,14,4,0.42,South
1944,Female,61,Gold,1,742.54,0,39,4,0.08,East
1945,Male,32,Gold,6,815.56,1,12,4,0.92,South
1946,Female,36,Basic,5,749.16,1,49,5,0.62,South
1947,Male,60,Silver,3,603.88,0,84,3,0.96,North
1948,Female,64,Gold,8,703.76,0,18,4,0.04,South
1949,Female,61,Basic,6,681.45,0,1,2,0.17,South
1950,Male,52,Silver,4,565.19,1,4,4,0.38,East
1951,Female,34,Basic,3,772.4,0,12,4,0.62,West
1952,Male,52,Basic,3,503.0,0,26,1,0.33,North
1953,Male,36,Silver,5,583.85,1,32,2,0.71,North
1954,Female,37,Gold,3,735.32,1,79,2,0.17,West
1955,Male,53,Basic,4,462.48,0,52,3,0.6,West
1956,Male,52,Silver,4,399.63,0,15,4,0.4,West
1957,Female,49,Silver,4,454.45,0,8,5,0.51,South
1958,Male,61,Silver,4,666.62,0,30,3,0.57,East
1959,Male,57,Gold,0,935.03,1,54,2,0.06,North
1960,Male,41,Basic,7,779.67,0,67,3,0.92,East
1961,Female,34,Platinum,2,717.41,0,70,2,0.79,South
1962,Male,24,Silver,4,834.9,0,8,1,0.44,West
1963,Female,60,Silver,1,643.41,1,63,4,0.55,South
1964,Female,18,Gold,4,507.32,0,17,5,0.03,West
1965,Male,52,Basic,5,590.8,0,16,5,0.5,North
1966,Male,49,Basic,2,559.87,1,45,2,0.43,South
1967,Male,53,Gold,4,455.54,1,68,2,0.37,East
1968,Female,30,Silver,4,568.75,0,10,4,0.82,East
1969,Male,23,Gold,3,366.01,0,80,3,0.18,South
1970,Male,31,Platinum,4,551.61,0,19,4,0.18,South
1971,Male,54,Basic,2,585.34,0,39,4,0.52,East
1972,Male,32,Silver,5,574.06,1,50,1,0.69,South
1973,Male,64,Silver,4,852.43,1,77,3,0.02,South
1974,Female,21,Basic,4,630.05,0,60,5,0.55,South
1975,Female,57,Gold,1,864.7,1,68,4,0.3,West
1976,Male,33,Gold,4,394.14,1,32,5,0.76,East
1977,Male,45,Silver,3,731.45,0,82,3,0.47,South
1978,Male,33,Basic,3,632.1,1,80,4,0.83,East
1979,Male,21,Basic,5,585.38,0,89,3,0.4,North
1980,Female,62,Basic,5,401.15,0,64,4,0.83,South
1981,Male,43,Gold,5,651.04,1,80,5,0.72,West
1982,Female,45,Basic,4,941.14,0,86,2,0.83,West
1983,Female,49,Gold,7,666.09,0,24,3,0.81,South
1984,Male,62,Silver,8,593.07,0,28,4,0.49,South
1985,Female,19,Gold,5,622.3,1,23,4,0.37,North
1986,Female,48,Silver,2,688.45,1,63,4,0.77,South
1987,Female,20,Silver,6,834.39,1,56,4,0.36,East
1988,Female,25,Silver,3,544.54,0,85,4,0.09,South
1989,Male,41,Gold,1,627.75,0,73,4,0.86,East
1990,Male,32,Silver,3,600.72,0,66,4,0.4,East
1991,Female,60,Silver,1,531.66,0,38,1,0.13,East
1992,Male,48,Silver,1,629.43,0,28,3,0.65,East
1993,Male,26,Basic,4,829.6,0,26,4,0.89,East
1994,Male,56,Silver,1,502.2,1,60,4,0.86,South
1995,Male,62,Platinum,4,655.26,1,60,5,0.55,South
1996,Male,19,Basic,4,660.38,1,55,4,0.09,South
1997,Female,25,Basic,1,598.53,1,25,4,0.7,West
1998,Male,24,Basic,6,664.56,0,21,3,0.61,East
1999,Male,61,Silver,2,658.01,0,25,3,0.21,North
2000,Male,56,Basic,3,462.85,1,58,1,0.9,South
2001,Male,59,Silver,8,590.98,0,38,4,0.09,South
2002,Female,33,Basic,3,597.71,0,46,2,0.37,West
2003,Female,52,Basic,9,442.65,0,75,2,0.09,South
2004,Female,47,Gold,1,608.84,0,4,4,0.91,East
2005,Female,27,Basic,3,595.86,0,19,1,0.04,South
2006,Male,55,Platinum,2,903.5,1,62,4,0.43,East
2007,Female,35,Basic,6,476.3,1,24,4,0.86,South
2008,Male,22,Silver,2,750.05,1,86,5,0.25,South
2009,Male,46,Basic,3,670.99,0,55,2,0.11,East
2010,Male,56,Basic,4,754.95,0,25,1,0.13,East
2011,Male,51,Platinum,2,479.82,0,72,5,0.4,South
2012,Male,60,Gold,1,317.61,0,84,3,0.43,East
2013,Female,62,Basic,0,583.9,0,65,5,0.72,West
2014,Female,40,Silver,5,715.59,1,68,3,0.24,East
2015,Female,22,Silver,3,551.77,0,12,4,0.7,East
2016,Female,47,Basic,5,577.89,1,25,2,1.0,North
2017,Male,23,Basic,3,896.32,0,21,3,0.86,East
2018,Female,63,Platinum,5,490.87,0,19,5,0.64,East
2019,Male,61,Platinum,5,738.81,0,70,4,0.94,North
2020,Female,21,Platinum,5,452.87,1,52,4,0.99,East
2021,Male,46,Gold,5,772.52,1,54,3,0.57,North
2022,Male,40,Silver,7,589.53,1,35,5,0.27,South
2023,Female,23,Basic,4,673.25,1,3,4,0.91,South
2024,Male,49,Basic,3,503.62,1,33,2,0.84,West
2025,Male,59,Basic,2,614.13,1,73,1,0.08,South
2026,Female,35,Silver,2,625.31,0,7,1,0.94,East
2027,Male,32,Gold,7,387.96,0,27,2,0.37,North
2028,Female,57,Gold,3,526.0,1,1,5,0.32,South
2029,Female,49,Platinum,6,640.08,1,40,3,0.34,East
2030,Female,26,Gold,5,486.94,1,18,3,0.32,South
2031,Male,54,Platinum,6,626.3,0,35,3,0.52,West
2032,Male,27,Basic,2,572.23,1,81,3,0.58,South
2033,Male,37,Gold,4,689.15,1,39,3,0.43,South
2034,Female,23,Silver,1,574.73,0,11,2,0.41,East
2035,Male,20,Basic,6,957.13,0,45,2,0.74,North
2036,Female,59,Platinum,7,304.59,1,75,4,0.0,West
2037,Female,28,Gold,3,481.05,0,3,3,0.95,North
2038,Male,60,Basic,5,701.71,0,77,5,0.71,North
2039,Female,34,Basic,3,627.84,0,52,4,0.71,North
2040,Male,49,Silver,2,665.45,0,60,4,0.42,West
2041,Male,21,Silver,3,118.97,1,58,5,0.97,West
2042,Male,21,Platinum,4,572.69,0,54,4,0.0,East
2043,Male,34,Basic,5,600.93,0,34,4,0.08,East
2044,Male,58,Basic,1,691.26,0,28,3,0.8,East
2045,Female,36,Basic,4,653.34,1,61,4,0.74,West
2046,Female,22,Basic,3,601.96,1,66,3,0.27,West
2047,Female,49,Basic,1,584.69,0,66,4,0.59,South
2048,Male,39,Platinum,2,411.06,1,37,3,0.53,North
2049,Male,23,Basic,2,651.75,1,16,4,0.53,East
2050,Male,52,Silver,4,581.55,0,72,5,0.6,South
2051,Female,39,Basic,4,535.23,1,75,3,0.99,West
2052,Male,18,Basic,2,598.03,1,45,3,0.99,South
2053,Female,37,Gold,8,546.04,1,15,4,0.98,South
2054,Female,39,Silver,8,382.93,1,4,5,0.55,West
2055,Male,28,Gold,5,698.54,0,23,4,0.32,North
2056,Male,30,Silver,3,880.78,1,72,3,0.56,West
2057,Female,59,Basic,3,641.59,0,80,5,0.62,East
2058,Male,20,Silver,1,644.31,1,16,3,0.31,South
2059,Female,26,Basic,4,824.93,1,88,5,0.63,East
2060,Male,29,Gold,4,885.48,0,53,3,0.62,South
2061,Male,40,Basic,6,573.64,1,10,5,0.9,South
2062,Female,31,Silver,3,491.67,0,34,2,0.24,East
2063,Male,50,Basic,3,665.47,1,18,4,0.7,South
2064,Female,35,Silver,6,623.63,0,53,4,0.45,West
2065,Male,58,Platinum,7,744.93,0,16,4,0.13,West
2066,Female,26,Silver,4,600.56,0,62,5,0.32,South
2067,Female,40,Silver,4,611.51,0,52,4,0.06,South
2068,Male,27,Platinum,6,455.95,0,57,2,0.32,West
2069,Female,36,Silver,4,753.2,1,72,3,0.07,North
2070,Male,64,Basic,4,504.7,0,64,4,0.93,South
2071,Male,22,Basic,3,420.99,0,84,4,0.1,West
2072,Male,64,Gold,2,202.12,0,23,3,0.82,North
2073,Female,40,Gold,0,584.82,1,40,3,0.91,North
2074,Female,47,Basic,6,493.44,1,14,4,0.47,East
2075,Male,42,Basic,2,564.94,0,80,4,0.05,North
2076,Male,45,Platinum,5,526.69,0,18,5,0.6,South
2077,Female,51,Basic,3,545.2,0,36,2,0.23,North
2078,Male,62,Silver,2,476.48,0,39,5,0.18,East
2079,Male,64,Basic,2,487.81,0,41,5,0.57,West
2080,Female,42,Gold,4,457.63,0,1,1,0.36,East
2081,Male,27,Basic,7,570.5,0,81,4,0.73,West
2082,Female,31,Silver,6,428.22,0,71,4,0.59,South
2083,Male,59,Basic,5,788.67,0,84,4,0.83,West
2084,Female,63,Silver,0,598.64,1,42,4,0.06,North
2085,Male,47,Gold,3,369.69,1,24,4,0.23,West
2086,Male,58,Basic,4,632.97,0,65,3,0.57,North
2087,Female,42,Silver,3,465.28,0,18,2,0.88,East
2088,Male,31,Silver,5,756.74,0,14,3,0.81,East
2089,Female,52,Basic,2,508.02,1,19,4,0.68,West
2090,Male,51,Gold,3,809.0,1,82,3,0.57,East
2091,Female,27,Basic,6,749.96,1,7,5,0.63,East
2092,Female,52,Gold,1,1146.03,0,64,3,0.21,East
2093,Female,28,Basic,5,614.62,1,2,3,0.6,North
2094,Female,28,Basic,4,703.43,0,7,5,0.49,West
2095,Male,38,Basic,6,601.89,1,28,3,0.38,North
2096,Male,38,Silver,2,612.76,0,81,3,0.89,West
2097,Female,39,Silver,4,784.95,0,30,5,0.83,North
2098,Female,62,Gold,5,715.88,0,85,4,0.08,South
2099,Female,24,Basic,7,586.19,0,73,3,0.99,South
2100,Male,34,Basic,6,798.13,0,36,3,0.23,South
2101,Male,19,Gold,3,750.19,0,22,5,0.22,North
2102,Male,29,Gold,2,833.48,0,79,4,0.94,West
2103,Male,59,Basic,4,783.05,1,78,2,0.44,North
2104,Female,35,Silver,11,546.98,0,27,5,0.81,West
2105,Female,28,Basic,6,530.92,1,82,3,0.29,South
2106,Female,33,Gold,3,536.18,1,10,5,0.87,North
2107,Male,35,Gold,3,717.13,0,22,3,0.83,West
2108,Male,52,Gold,2,801.43,0,23,4,0.52,West
2109,Male,43,Gold,6,758.75,0,52,3,0.71,East
2110,Female,33,Basic,7,385.79,0,42,3,0.96,West
2111,Female,23,Gold,3,492.82,1,41,3,0.45,South
2112,Male,61,Silver,3,702.49,0,48,3,0.49,North
2113,Female,60,Basic,9,784.35,1,69,3,0.72,East
2114,Male,64,Silver,5,646.22,0,51,3,0.39,South
2115,Male,64,Platinum,4,829.2,1,89,5,0.96,North
2116,Female,59,Gold,3,316.41,0,1,1,0.04,North
2117,Male,29,Basic,4,568.6,1,88,4,0.4,East
2118,Female,30,Gold,1,812.57,1,56,4,0.71,South
2119,Male,21,Gold,2,650.87,0,71,4,0.43,North
2120,Female,56,Basic,4,479.24,0,24,5,0.26,East
2121,Female,19,Silver,2,718.48,0,15,5,0.41,North
2122,Female,43,Gold,6,620.61,1,75,5,0.88,North
2123,Male,44,Silver,7,530.7,0,44,5,0.55,South
2124,Male,44,Basic,7,364.26,0,81,5,0.34,South
2125,Female,32,Gold,7,704.44,0,49,4,0.67,North
2126,Female,25,Platinum,3,436.99,0,87,4,0.61,West
2127,Male,24,Silver,4,921.33,0,49,4,0.56,North
2128,Male,64,Gold,3,332.63,0,68,3,0.39,West
2129,Male,63,Basic,3,608.22,0,74,3,0.07,South
2130,Female,57,Basic,7,712.73,0,37,3,0.62,North
2131,Male,29,Silver,7,447.45,0,74,3,0.42,North
2132,Male,30,Basic,5,493.57,0,42,4,0.43,North
2133,Female,60,Gold,6,727.53,0,59,3,0.23,East
2134,Male,34,Basic,6,457.39,0,75,4,0.25,East
2135,Male,34,Silver,2,888.09,1,10,5,0.79,South
2136,Male,53,Basic,3,608.35,0,53,3,0.48,North
2137,Female,38,Platinum,4,537.07,0,42,3,0.11,North
2138,Female,25,Basic,3,843.32,0,8,3,0.05,West
2139,Female,22,Basic,2,441.21,0,75,5,0.22,East
2140,Female,43,Basic,8,859.46,0,84,5,0.49,South
2141,Female,33,Gold,3,452.64,1,24,5,0.62,South
2142,Female,53,Basic,4,788.92,0,51,3,0.14,North
2143,Female,45,Basic,4,879.66,0,71,3,0.43,North
2144,Male,46,Basic,5,584.4,1,60,5,0.07,East
2145,Male,64,Gold,4,583.92,0,21,3,0.04,West
2146,Female,29,Basic,7,557.24,0,53,2,0.86,East
2147,Male,54,Basic,5,482.71,0,6,3,0.66,South
2148,Male,47,Basic,2,612.72,0,31,5,0.78,East
2149,Female,40,Silver,5,736.01,1,12,3,0.18,East
2150,Male,33,Gold,2,688.2,0,13,5,0.32,South
2151,Male,31,Silver,5,676.3,0,49,2,0.44,South
2152,Male,27,Platinum,4,489.97,0,31,5,0.66,South
2153,Male,24,Platinum,2,438.35,0,9,2,0.53,North
2154,Male,62,Basic,4,865.18,1,27,3,0.55,West
2155,Female,54,Gold,4,399.75,0,53,4,0.16,North
2156,Female,46,Gold,5,577.22,1,81,3,0.47,East
2157,Female,20,Gold,1,712.85,0,51,4,0.82,West
2158,Male,32,Silver,7,828.17,1,72,5,0.51,East
2159,Female,53,Silver,5,603.22,0,27,2,0.2,East
2160,Male,64,Silver,5,641.15,0,40,3,0.41,North
2161,Male,63,Gold,1,529.12,1,62,4,0.75,West
2162,Male,36,Basic,3,859.62,0,58,5,0.13,North
2163,Male,30,Basic,6,805.84,1,15,5,0.58,South
2164,Female,59,Basic,4,449.93,0,39,4,0.97,South
2165,Female,38,Basic,4,698.45,0,70,4,0.38,North
2166,Male,54,Silver,6,582.6,1,8,3,0.04,North
2167,Female,44,Basic,4,646.86,1,35,1,0.63,North
2168,Male,46,Basic,5,479.8,1,63,4,0.05,East
2169,Female,37,Platinum,3,306.86,1,31,5,0.19,West
2170,Female,42,Silver,5,433.71,0,42,3,0.05,West
2171,Male,23,Gold,4,516.66,0,88,4,0.17,South
2172,Female,53,Basic,4,525.18,1,66,3,0.85,West
2173,Male,19,Basic,6,248.48,0,41,4,0.73,West
2174,Female,39,Gold,6,646.71,1,1,5,0.34,West
2175,Male,49,Gold,3,388.59,0,74,4,0.9,East
2176,Male,33,Basic,0,594.12,0,87,1,0.67,South
2177,Female,35,Platinum,5,422.42,0,33,5,0.45,North
2178,Female,22,Platinum,5,331.61,0,37,4,0.07,West
2179,Male,53,Platinum,3,592.53,0,57,4,0.73,West
2180,Female,47,Silver,4,569.92,0,11,5,0.38,East
2181,Female,62,Basic,5,614.18,1,84,3,0.3,South
2182,Male,36,Silver,3,839.43,0,47,4,0.29,West
2183,Male,40,Silver,6,706.46,0,66,4,0.01,East
2184,Female,51,Basic,1,895.64,1,89,3,0.74,North
2185,Male,30,Gold,3,553.94,1,4,5,0.15,South
2186,Male,60,Basic,5,491.75,0,83,4,0.52,West
2187,Male,46,Silver,10,668.8,1,77,4,0.02,North
2188,Female,53,Basic,1,878.76,0,83,5,0.63,West
2189,Female,39,Gold,2,432.16,1,77,3,0.37,South
2190,Male,64,Basic,4,810.02,1,55,4,0.63,East
2191,Female,53,Gold,4,671.27,0,12,5,0.09,West
2192,Male,26,Silver,2,533.81,1,66,5,0.27,South
2193,Female,56,Gold,6,825.49,1,37,4,0.11,East
2194,Male,36,Platinum,4,420.06,0,23,4,0.65,North
2195,Male,55,Silver,3,700.14,0,55,2,0.11,West
2196,Female,23,Platinum,7,572.17,1,19,5,0.62,North
2197,Male,64,Basic,4,767.62,1,67,4,0.13,West
2198,Female,32,Basic,3,650.24,1,88,4,0.94,South
2199,Female,37,Basic,5,764.56,0,23,2,0.42,North
2200,Male,26,Basic,3,607.23,0,4,4,0.13,West
2201,Male,49,Gold,3,534.77,1,18,1,0.04,South
2202,Female,21,Basic,3,587.87,1,12,5,0.33,West
2203,Male,35,Silver,2,627.45,1,35,5,0.89,East
2204,Male,22,Silver,4,652.85,1,27,3,0.14,South
2205,Male,37,Silver,5,702.36,0,43,4,0.79,South
2206,Male,40,Silver,4,602.48,1,78,4,0.42,West
2207,Male,28,Gold,2,701.95,0,67,5,0.8,South
2208,Female,54,Basic,2,932.82,0,69,5,0.87,North
2209,Female,39,Basic,6,491.4,1,64,5,1.0,West
2210,Male,21,Silver,5,750.7,0,52,3,0.07,East
2211,Male,46,Silver,7,497.88,0,17,2,0.8,South
2212,Male,61,Silver,5,458.48,0,83,4,0.07,East
2213,Female,51,Gold,8,815.33,1,33,5,0.31,North
2214,Male,30,Silver,1,464.88,0,72,3,0.65,South
2215,Female,59,Silver,2,596.21,0,52,3,0.45,South
2216,Female,26,Basic,7,479.97,0,35,5,0.57,West
2217,Female,59,Silver,4,962.72,0,20,5,0.97,East
2218,Male,48,Gold,9,595.75,1,81,3,0.82,West
2219,Female,24,Basic,4,434.9,0,45,5,0.36,East
2220,Male,21,Basic,5,469.79,0,77,2,0.6,West
2221,Female,36,Gold,3,918.25,1,68,2,0.05,East
2222,Male,59,Basic,4,567.87,1,50,3,0.45,West
2223,Female,47,Basic,4,587.75,0,58,5,0.61,South
2224,Male,48,Silver,4,822.66,0,30,4,0.71,South
2225,Female,52,Basic,5,791.03,0,70,3,0.9,East
2226,Male,38,Gold,3,468.25,1,2,3,0.28,West
2227,Male,48,Basic,2,480.68,0,79,4,0.9,East
2228,Male,36,Gold,2,517.06,0,34,4,0.66,West
2229,Male,48,Silver,6,550.93,0,52,5,0.08,East
2230,Female,49,Gold,7,724.85,1,84,5,0.38,North
2231,Female,19,Basic,3,586.96,1,16,2,0.48,South
2232,Male,27,Silver,8,554.07,1,43,4,0.35,East
2233,Female,19,Silver,6,600.75,1,64,3,0.12,North
2234,Male,19,Silver,3,515.2,1,27,5,0.55,South
2235,Male,41,Silver,2,833.38,1,65,1,0.13,North
2236,Female,34,Gold,3,495.48,0,13,3,0.92,West
2237,Male,49,Platinum,3,604.02,1,40,4,0.87,West
2238,Male,33,Basic,3,692.62,1,32,2,0.48,West
2239,Female,33,Basic,4,701.23,1,67,3,0.07,East
2240,Male,63,Gold,3,541.63,1,14,4,0.55,North
2241,Male,56,Basic,6,764.47,1,58,3,0.59,North
2242,Male,48,Platinum,1,921.47,0,46,4,0.89,West
2243,Male,60,Silver,1,870.32,0,85,5,0.07,East
2244,Female,41,Silver,3,228.01,0,75,4,0.69,West
2245,Female,18,Basic,3,587.51,0,59,5,0.56,East
2246,Female,28,Basic,4,500.72,1,65,2,0.17,South
2247,Male,38,Silver,4,683.42,1,33,3,0.12,North
2248,Male,21,Platinum,8,757.82,1,46,4,0.69,East
2249,Female,24,Platinum,4,427.61,1,82,3,0.34,West
2250,Male,43,Basic,2,730.19,0,54,3,1.0,East
2251,Male,64,Basic,3,596.03,1,66,5,0.89,East
2252,Male,29,Basic,3,560.64,1,4,4,0.57,South
2253,Male,48,Gold,3,679.3,0,54,3,0.64,West
2254,Female,34,Basic,6,578.21,0,4,5,0.16,North
2255,Female,50,Basic,3,769.93,0,17,2,0.89,East
2256,Female,28,Basic,4,540.93,1,80,4,0.46,West
2257,Male,45,Basic,3,800.01,0,73,2,0.52,North
2258,Female,49,Platinum,5,596.82,0,74,3,0.87,East
2259,Female,18,Silver,3,243.4,0,71,2,0.01,East
2260,Male,64,Basic,5,479.54,1,73,5,0.49,West
2261,Male,45,Basic,7,584.32,1,55,1,0.63,North
2262,Female,59,Basic,4,655.44,1,48,4,0.16,North
2263,Female,24,Basic,2,585.2,0,49,3,0.07,South
2264,Female,19,Basic,5,495.42,0,23,3,0.53,South
2265,Female,59,Silver,8,867.14,0,27,4,0.55,West
2266,Male,41,Basic,4,810.62,0,25,4,0.33,North
2267,Female,21,Basic,8,418.93,0,24,4,0.88,East
2268,Female,61,Basic,3,473.66,0,80,5,0.3,West
2269,Male,36,Gold,6,647.87,0,80,3,0.52,South
2270,Female,43,Silver,4,577.15,0,20,1,0.19,West
2271,Male,28,Silver,2,189.46,0,53,5,0.01,North
2272,Male,57,Silver,5,492.16,0,83,5,0.43,West
2273,Male,60,Silver,2,709.96,1,74,3,0.53,South
2274,Female,28,Basic,4,616.82,1,26,4,0.76,North
2275,Female,62,Platinum,2,460.33,0,60,2,0.45,East
2276,Male,20,Basic,2,516.13,1,2,4,0.28,South
2277,Female,29,Silver,3,566.51,1,3,3,0.6,South
2278,Female,20,Gold,4,984.11,0,56,5,0.38,South
2279,Male,59,Silver,3,605.43,1,66,3,0.23,West
2280,Male,44,Platinum,4,491.53,0,25,3,0.91,South
2281,Female,19,Silver,3,870.46,0,68,4,0.54,West
2282,Male,33,Gold,3,686.95,0,15,3,0.2,West
2283,Female,19,Gold,3,479.2,0,82,4,0.67,North
2284,Female,47,Platinum,6,602.9,1,7,5,0.8,North
2285,Female,37,Platinum,2,571.26,0,82,4,0.76,South
2286,Female,55,Gold,5,682.29,1,71,5,0.6,West
2287,Male,45,Gold,2,411.39,1,41,1,0.52,East
2288,Male,42,Basic,4,421.26,1,60,2,0.78,West
2289,Male,49,Basic,1,561.42,1,44,5,0.71,North
2290,Male,27,Silver,7,467.97,0,33,2,0.57,North
2291,Female,59,Platinum,4,752.58,1,66,4,0.66,West
2292,Female,57,Gold,1,445.73,0,82,3,0.17,West
2293,Male,50,Platinum,2,961.12,1,23,3,0.02,West
2294,Female,30,Gold,4,577.23,1,64,4,0.93,East
2295,Female,58,Basic,4,619.73,0,6,4,0.94,West
2296,Female,59,Basic,7,652.65,1,63,5,0.79,South
2297,Male,64,Basic,2,589.06,0,43,3,0.37,South
2298,Male,54,Basic,9,776.95,0,25,4,0.15,North
2299,Male,33,Silver,4,621.84,1,83,3,0.36,East
2300,Female,62,Platinum,6,521.79,0,8,4,0.73,East
2301,Male,39,Gold,3,395.25,1,37,2,0.34,North
2302,Male,37,Silver,5,658.7,0,59,4,0.8,South
2303,Male,60,Basic,3,737.16,1,28,3,0.67,South
2304,Male,44,Basic,1,409.9,1,53,3,0.63,East
2305,Male,58,Silver,3,542.83,1,71,4,0.93,West
2306,Male,33,Basic,0,744.85,1,55,3,0.89,West
2307,Female,51,Basic,4,472.3,1,36,4,0.71,East
2308,Female,49,Silver,9,470.93,0,62,4,0.2,East
2309,Male,43,Basic,2,577.26,0,15,2,0.94,East
2310,Male,42,Platinum,8,797.3,0,54,3,0.23,East
2311,Female,19,Basic,5,737.79,0,61,5,0.37,East
2312,Female,29,Basic,3,797.41,1,54,5,0.83,East
2313,Male,57,Basic,5,450.95,0,69,3,0.21,East
2314,Male,26,Basic,4,501.07,0,29,2,0.64,East
2315,Male,29,Silver,3,573.24,0,81,2,0.46,West
2316,Male,43,Gold,4,554.02,0,27,5,0.62,North
2317,Female,26,Silver,3,483.48,0,81,4,0.96,South
2318,Male,27,Silver,2,672.12,0,68,3,0.81,North
2319,Male,49,Basic,10,355.53,0,12,3,0.3,North
2320,Male,51,Silver,7,622.44,1,23,5,0.06,East
2321,Male,37,Basic,4,849.28,0,50,3,0.97,East
2322,Female,56,Basic,7,611.78,0,75,5,0.59,East
2323,Female,19,Gold,2,475.17,1,76,3,0.17,North
2324,Female,18,Gold,5,407.94,0,73,4,0.63,West
2325,Male,53,Gold,5,654.12,1,88,4,0.04,East
2326,Male,41,Basic,8,860.46,1,82,4,0.19,East
2327,Female,44,Basic,3,632.02,1,27,4,0.63,South
2328,Male,19,Platinum,4,549.72,1,59,4,0.4,West
2329,Male,48,Basic,5,485.55,0,9,4,0.33,East
2330,Female,31,Basic,4,378.4,0,33,3,0.66,West
2331,Female,19,Basic,3,640.87,0,70,5,0.87,South
2332,Female,46,Basic,2,359.77,0,51,5,0.68,North
2333,Female,32,Basic,6,737.28,0,40,4,0.46,South
2334,Male,29,Silver,3,694.06,0,6,1,0.66,West
2335,Male,54,Silver,2,567.59,1,4,3,0.7,East
2336,Female,45,Platinum,3,697.17,0,3,5,0.78,East
2337,Male,37,Basic,1,625.91,0,13,5,0.31,South
2338,Female,56,Basic,3,695.83,0,26,3,0.11,South
2339,Female,41,Silver,2,734.2,1,34,4,0.68,West
2340,Male,38,Silver,5,561.74,1,77,4,0.12,West
2341,Female,27,Silver,8,405.55,0,53,3,0.46,West
2342,Male,63,Gold,3,938.7,1,47,3,0.23,East
2343,Male,31,Basic,2,568.01,0,8,4,0.33,South
2344,Male,54,Gold,2,535.8,0,76,2,0.47,West
2345,Male,35,Silver,6,666.6,0,8,3,0.9,South
2346,Female,41,Basic,3,571.01,0,19,1,0.68,East
2347,Male,31,Gold,5,411.3,1,74,5,0.17,North
2348,Female,51,Silver,5,421.22,0,32,4,0.88,West
2349,Female,29,Basic,6,466.45,1,21,4,0.5,North
2350,Female,39,Basic,3,653.6,1,64,4,0.2,East
2351,Female,23,Basic,3,495.68,1,23,5,0.53,South
2352,Male,53,Silver,6,740.33,0,89,3,0.19,North
2353,Male,62,Basic,5,576.75,0,71,2,0.37,South
2354,Female,53,Basic,3,588.2,0,42,3,0.81,West
2355,Female,39,Basic,4,609.0,0,35,5,0.66,West
2356,Male,31,Gold,1,444.09,1,2,3,0.48,East
2357,Female,33,Gold,3,791.28,0,71,5,0.23,West
2358,Male,53,Gold,5,646.54,1,76,3,0.28,South
2359,Female,42,Basic,7,574.04,0,52,4,0.98,West
2360,Male,49,Platinum,2,520.62,0,17,2,0.34,North
2361,Female,50,Silver,5,517.72,1,86,3,0.62,South
2362,Female,62,Gold,6,426.41,1,9,3,0.5,West
2363,Male,53,Silver,3,400.26,0,52,4,0.02,North
2364,Female,37,Silver,8,400.29,1,3,5,0.94,South
2365,Female,35,Gold,1,759.44,0,22,5,0.09,North
2366,Male,55,Basic,5,485.02,1,54,3,0.66,South
2367,Female,20,Silver,5,438.56,0,36,4,0.81,North
2368,Male,40,Gold,4,793.19,0,39,5,0.75,North
2369,Male,49,Gold,5,609.1,1,18,2,0.81,West
2370,Female,62,Platinum,2,423.93,1,81,4,0.74,East
2371,Female,33,Silver,6,685.61,0,27,4,0.45,West
2372,Female,22,Basic,2,817.98,1,67,3,0.9,South
2373,Female,21,Basic,3,701.7,0,13,1,0.91,North
2374,Female,38,Silver,3,620.73,1,17,3,0.44,South
2375,Female,57,Silver,2,670.18,1,61,4,0.48,West
2376,Female,31,Basic,5,779.22,0,18,3,0.49,South
2377,Male,56,Basic,3,859.2,1,17,3,0.28,West
2378,Female,48,Silver,2,457.34,0,56,4,0.11,West
2379,Male,31,Gold,3,603.36,0,48,3,0.26,East
2380,Female,23,Platinum,2,690.69,0,16,2,0.84,West
2381,Female,29,Gold,3,625.8,1,86,3,0.54,North
2382,Male,33,Gold,2,679.45,1,25,5,0.85,West
2383,Female,34,Silver,3,931.29,0,65,3,0.75,West
2384,Female,62,Platinum,3,560.73,0,27,3,0.35,North
2385,Male,40,Silver,3,388.09,0,14,3,0.19,West
2386,Female,31,Gold,2,877.51,0,50,3,0.57,South
2387,Female,24,Platinum,3,865.17,0,29,4,0.94,East
2388,Female,63,Platinum,6,681.49,0,81,5,0.84,North
2389,Male,49,Basic,2,525.73,0,28,4,0.76,North
2390,Female,32,Basic,5,728.63,0,21,3,0.76,South
2391,Female,61,Basic,5,604.9,1,24,3,0.53,North
2392,Female,34,Basic,7,553.59,0,46,1,0.17,South
2393,Female,58,Basic,5,498.54,1,60,1,0.29,North
2394,Male,64,Basic,5,597.56,0,20,5,0.58,West
2395,Male,61,Basic,5,682.03,0,52,4,0.32,North
2396,Female,51,Silver,2,624.63,1,22,1,0.78,East
2397,Female,22,Gold,3,732.65,0,68,3,0.37,North
2398,Male,62,Basic,1,567.11,1,16,3,0.11,North
2399,Male,44,Silver,4,537.21,0,21,5,0.78,East
2400,Female,40,Gold,5,658.12,0,44,3,0.7,North
2401,Male,57,Silver,4,612.95,1,62,5,0.25,South
2402,Female,31,Platinum,5,822.61,1,21,4,0.98,South
2403,Male,32,Basic,3,548.01,1,11,1,0.4,East
2404,Male,60,Basic,5,524.66,0,60,5,0.68,West
2405,Male,50,Silver,2,574.68,0,37,3,0.91,North
2406,Male,48,Basic,3,538.03,1,44,3,0.16,East
2407,Female,52,Silver,5,505.47,0,22,5,0.88,East
2408,Male,34,Basic,3,355.18,0,84,3,0.7,North
2409,Male,45,Basic,5,426.96,1,66,3,0.17,West
2410,Female,36,Basic,4,581.97,1,43,5,0.66,North
2411,Male,63,Basic,3,403.86,1,75,4,0.87,North
2412,Male,40,Silver,3,684.7,1,21,3,0.8,East
2413,Female,49,Silver,6,655.5,1,33,4,0.76,West
2414,Male,57,Basic,5,499.52,0,17,5,0.16,East
2415,Female,30,Basic,5,592.07,0,36,3,0.19,West
2416,Female,37,Basic,5,571.26,1,14,4,0.55,West
2417,Female,52,Basic,1,329.28,0,37,5,0.58,East
2418,Female,22,Gold,2,666.74,0,31,5,0.94,West
2419,Male,26,Basic,2,510.38,1,4,4,0.47,North
2420,Female,46,Gold,8,453.79,1,6,2,0.3,East
2421,Male,23,Gold,3,701.73,1,50,4,0.19,East
2422,Male,42,Basic,2,636.48,0,85,3,0.05,North
2423,Male,48,Silver,3,736.69,1,77,4,0.07,West
2424,Male,39,Platinum,5,582.32,1,38,3,0.57,West
2425,Male,19,Gold,2,632.3,1,79,4,0.18,West
2426,Male,62,Silver,7,719.87,0,5,3,0.85,North
2427,Male,22,Gold,2,851.45,0,38,5,0.6,East
2428,Male,44,Gold,3,553.28,0,24,2,0.86,South
2429,Male,42,Basic,3,637.21,1,18,2,0.43,East
2430,Male,25,Gold,5,686.04,1,32,5,0.6,South
2431,Female,18,Silver,3,684.84,1,71,3,0.53,East
2432,Female,37,Silver,5,523.02,0,72,4,0.99,South
2433,Female,61,Platinum,4,583.2,1,89,5,0.8,North
2434,Male,40,Gold,2,684.56,1,30,4,0.6,West
2435,Female,49,Basic,5,626.4,1,88,4,0.61,North
2436,Female,28,Basic,3,887.2,1,30,1,0.25,West
2437,Female,56,Silver,0,553.57,1,5,4,0.73,East
2438,Male,64,Gold,3,480.04,0,4,3,0.98,North
2439,Male,41,Silver,6,672.68,1,51,4,0.13,East
2440,Male,28,Platinum,3,459.24,0,9,5,0.64,West
2441,Male,46,Gold,3,531.23,0,55,4,0.52,East
2442,Female,43,Silver,3,612.1,1,33,5,0.85,North
2443,Female,33,Basic,7,595.06,0,31,5,0.0,South
2444,Female,52,Silver,2,590.94,0,83,4,0.14,West
2445,Female,37,Silver,4,515.48,1,54,4,0.04,East
2446,Male,63,Silver,3,655.46,1,61,3,0.16,South
2447,Male,20,Silver,5,925.89,1,66,2,0.71,South
2448,Male,18,Silver,5,724.42,1,20,1,0.14,North
2449,Female,64,Basic,5,323.44,1,76,1,0.62,East
2450,Male,18,Basic,1,538.9,1,85,5,0.87,North
2451,Male,34,Silver,4,679.8,0,61,3,0.03,East
2452,Female,19,Basic,6,375.63,0,36,4,0.03,South
2453,Female,46,Basic,7,236.77,0,84,4,0.99,East
2454,Male,37,Basic,5,491.27,0,20,4,0.67,West
2455,Male,23,Silver,2,478.7,1,45,4,0.14,South
2456,Male,25,Basic,1,846.01,0,46,3,0.31,West
2457,Male,46,Gold,1,653.32,1,18,5,0.99,North
2458,Male,50,Silver,0,578.31,1,70,5,0.23,West
2459,Male,20,Silver,3,552.61,0,74,4,0.75,North
2460,Female,52,Gold,2,667.6,0,18,5,0.24,North
2461,Female,22,Basic,3,629.71,1,64,2,0.4,West
2462,Female,44,Silver,4,667.32,1,34,2,0.88,East
2463,Male,61,Platinum,4,648.47,0,79,4,0.03,West
2464,Female,29,Gold,5,755.87,1,3,5,0.31,East
2465,Male,37,Platinum,7,604.92,0,72,3,0.49,North
2466,Male,62,Gold,2,716.8,0,11,4,0.63,West
2467,Female,37,Basic,3,653.53,1,46,1,0.03,West
2468,Male,26,Basic,5,630.37,0,42,5,0.41,East
2469,Male,56,Silver,5,540.05,1,17,5,0.34,West
2470,Female,21,Basic,2,590.18,1,47,3,0.03,West
2471,Female,36,Basic,6,592.81,1,30,5,0.36,East
2472,Female,55,Gold,7,761.81,0,43,2,0.93,East
2473,Male,44,Basic,3,635.35,1,8,4,0.27,South
2474,Female,62,Basic,5,464.44,0,40,2,0.59,East
2475,Female,60,Gold,5,368.0,0,71,3,0.3,North
2476,Male,30,Gold,1,429.32,0,20,3,0.11,North
2477,Female,30,Basic,3,496.66,0,76,3,0.29,East
2478,Female,39,Gold,5,669.14,1,85,5,0.47,South
2479,Female,45,Gold,7,507.14,0,28,3,0.3,South
2480,Male,64,Silver,4,783.97,0,28,3,0.62,West
2481,Male,62,Basic,0,416.01,1,59,4,0.95,South
2482,Male,39,Basic,5,699.44,1,62,4,0.07,North
2483,Male,60,Silver,6,320.56,1,80,5,0.72,North
2484,Female,36,Basic,4,432.41,1,74,4,0.0,East
2485,Male,25,Platinum,6,451.0,0,54,5,0.0,East
2486,Male,25,Gold,3,449.14,0,86,3,0.13,West
2487,Female,59,Gold,4,504.37,0,7,3,0.48,East
2488,Female,43,Platinum,1,718.0,1,68,3,0.05,South
2489,Female,43,Gold,3,707.64,1,24,3,0.72,West
2490,Male,40,Basic,6,448.97,0,41,3,0.03,East
2491,Male,60,Basic,3,570.57,1,54,4,0.5,East
2492,Male,30,Gold,4,668.16,0,14,3,0.68,East
2493,Female,45,Basic,2,572.25,1,44,5,0.24,East
2494,Female,26,Silver,6,836.57,1,49,5,0.58,East
2495,Male,37,Silver,10,657.3,0,63,4,0.26,North
2496,Female,36,Platinum,6,470.52,1,81,4,0.21,West
2497,Female,56,Silver,1,485.43,1,45,3,0.82,North
2498,Female,29,Gold,7,454.99,0,72,3,0.33,West
2499,Male,32,Basic,6,495.11,0,77,5,0.81,South
2500,Female,48,Silver,2,603.23,0,7,1,0.22,South
2501,Female,31,Basic,4,564.67,0,3,3,0.36,South
2502,Male,28,Gold,9,529.56,0,88,3,0.1,West
2503,Male,43,Basic,1,687.27,0,47,4,0.5,North
2504,Female,59,Gold,4,651.44,0,88,3,0.38,North
2505,Female,44,Basic,4,363.06,0,61,5,0.01,East
2506,Male,28,Basic,3,408.9,1,71,3,0.46,West
2507,Male,55,Silver,5,452.34,0,30,5,0.07,South
2508,Female,51,Silver,2,478.83,0,5,5,0.84,West
2509,Female,60,Basic,3,504.13,0,85,5,0.49,East
2510,Female,36,Basic,1,539.5,0,72,4,0.69,North
2511,Female,23,Gold,7,653.46,1,7,2,0.82,East
2512,Male,63,Silver,10,431.41,0,39,5,0.05,East
2513,Female,55,Basic,3,485.32,1,2,5,0.34,East
2514,Female,59,Gold,2,362.43,0,43,3,0.03,East
2515,Male,45,Basic,4,461.81,1,12,4,0.05,North
2516,Female,18,Silver,8,568.83,1,28,2,0.04,North
2517,Male,52,Basic,3,465.44,0,19,4,0.48,North
2518,Female,57,Silver,7,445.23,1,28,2,0.45,North
2519,Female,25,Basic,10,523.13,0,76,4,0.06,South
2520,Male,64,Platinum,3,635.4,0,70,4,0.26,West
2521,Male,24,Basic,6,462.3,1,19,3,0.24,South
2522,Female,28,Basic,4,753.28,0,64,5,0.3,East
2523,Female,56,Basic,2,473.05,1,9,5,0.64,East
2524,Female,21,Gold,4,537.53,0,41,4,0.7,East
2525,Male,42,Silver,2,773.68,1,50,5,0.34,East
2526,Female,29,Gold,2,686.16,1,10,5,0.79,South
2527,Male,43,Platinum,6,579.15,1,74,4,0.42,North
2528,Male,55,Platinum,6,655.72,0,82,3,0.52,East
2529,Female,63,Gold,3,409.92,0,54,4,0.15,South
2530,Male,29,Basic,2,870.96,1,10,5,0.23,South
2531,Female,60,Gold,5,417.78,1,7,4,0.73,East
2532,Female,54,Basic,3,631.27,0,32,4,0.98,East
2533,Female,63,Gold,4,768.46,0,54,5,0.7,South
2534,Female,41,Silver,4,639.45,0,70,1,0.05,West
2535,Female,33,Gold,5,592.29,0,83,1,0.14,South
2536,Male,30,Silver,2,768.83,0,63,5,0.45,West
2537,Male,42,Silver,4,693.06,0,34,1,0.73,East
2538,Female,21,Platinum,4,526.96,0,43,3,0.17,North
2539,Female,28,Basic,5,831.36,1,5,5,0.75,North
2540,Male,49,Basic,2,488.34,1,19,4,0.56,West
2541,Male,24,Silver,3,843.82,0,54,4,0.77,East
2542,Male,63,Platinum,7,688.99,0,14,4,0.56,East
2543,Male,28,Basic,4,540.97,1,10,3,0.6,West
2544,Female,45,Basic,7,446.83,0,49,4,0.25,North
2545,Female,58,Basic,5,623.99,0,11,4,0.72,South
2546,Male,40,Basic,6,507.36,1,31,3,0.84,West
2547,Female,62,Platinum,4,616.18,0,66,5,0.87,East
2548,Male,40,Gold,5,714.53,0,10,3,0.03,East
2549,Female,45,Silver,6,732.6,1,21,2,0.62,North
2550,Male,60,Silver,5,808.3,0,1,3,0.99,West
2551,Female,64,Gold,3,446.24,0,46,3,0.59,West
2552,Male,43,Basic,4,636.2,0,75,5,0.17,West
2553,Male,42,Basic,5,387.9,0,74,3,0.88,East
2554,Female,46,Silver,5,600.59,1,20,2,0.26,South
2555,Male,36,Basic,3,366.9,1,21,3,0.05,West
2556,Female,50,Silver,3,917.77,1,37,4,0.43,South
2557,Female,53,Basic,1,794.21,1,14,3,0.1,East
2558,Male,31,Basic,2,368.73,0,58,2,0.12,South
2559,Female,31,Basic,2,505.84,0,57,4,0.46,South
2560,Female,52,Gold,5,708.49,0,57,5,0.61,South
2561,Female,47,Basic,8,635.12,0,69,5,0.91,East
2562,Female,45,Platinum,7,602.88,0,70,5,0.71,East
2563,Female,34,Basic,3,637.73,1,24,3,0.84,East
2564,Male,20,Gold,4,727.97,0,80,4,0.41,South
2565,Female,33,Gold,5,901.5,0,60,4,0.32,North
2566,Female,63,Platinum,3,430.09,1,23,1,0.59,North
2567,Female,47,Gold,3,569.28,0,47,3,0.7,North
2568,Female,46,Basic,5,330.17,1,38,2,0.57,South
2569,Female,62,Basic,8,592.28,0,80,2,0.26,North
2570,Male,32,Silver,3,846.22,0,52,2,0.37,East
2571,Female,63,Basic,8,671.03,1,13,5,0.45,South
2572,Male,42,Basic,2,715.76,1,8,5,0.01,West
2573,Male,55,Gold,2,627.22,0,32,3,0.88,North
2574,Male,59,Silver,6,492.3,0,86,3,0.51,South
2575,Male,64,Silver,1,369.77,0,17,2,0.75,West
2576,Female,55,Platinum,3,817.66,0,5,3,0.17,South
2577,Male,40,Silver,5,532.89,1,72,4,0.56,West
2578,Male,42,Silver,5,572.78,0,50,5,0.93,East
2579,Female,59,Gold,3,305.7,0,83,2,0.21,South
2580,Female,24,Basic,4,503.02,1,12,3,0.35,East
2581,Female,39,Basic,3,619.78,1,89,5,0.39,East
2582,Male,34,Platinum,2,651.23,0,44,2,0.38,West
2583,Female,35,Platinum,2,841.27,0,77,3,0.6,North
2584,Female,58,Gold,3,562.15,0,68,3,0.39,West
2585,Male,27,Silver,6,584.0,1,59,2,0.67,North
2586,Female,27,Gold,3,828.26,0,10,5,0.48,West
2587,Female,24,Basic,3,776.03,0,48,4,0.16,South
2588,Female,55,Basic,1,388.83,0,28,3,0.95,North
2589,Female,44,Silver,2,817.27,0,5,3,0.24,South
2590,Male,50,Silver,2,359.27,0,44,5,0.56,West
2591,Female,18,Basic,1,670.59,0,31,2,0.06,East
2592,Female,61,Basic,4,712.85,1,16,2,0.92,West
2593,Male,51,Basic,7,628.09,0,23,5,0.93,South
2594,Female,21,Silver,5,543.67,1,21,5,0.36,West
2595,Male,34,Gold,4,532.86,0,2,5,0.12,East
2596,Female,21,Silver,2,229.09,0,23,4,0.77,East
2597,Male,60,Basic,3,622.71,0,80,3,0.26,West
2598,Male,43,Silver,1,604.87,0,11,5,0.7,West
2599,Male,21,Silver,1,825.79,0,73,4,0.92,South
2600,Male,18,Silver,2,559.19,0,2,3,0.59,East
2601,Female,24,Basic,6,521.01,0,82,3,0.86,North
2602,Male,47,Silver,2,523.09,0,13,1,0.22,South
2603,Female,26,Platinum,3,474.11,1,45,3,0.91,North
2604,Male,52,Basic,4,531.75,1,72,3,0.23,East
2605,Male,25,Basic,1,445.44,0,10,2,0.23,East
2606,Male,41,Silver,6,692.03,1,81,1,0.88,South
2607,Female,36,Silver,5,659.84,1,88,3,0.55,East
2608,Male,53,Basic,8,381.9,1,21,2,0.8,North
2609,Female,60,Basic,6,614.18,0,1,1,0.8,West
2610,Female,44,Basic,5,767.11,0,16,2,0.65,South
2611,Female,49,Platinum,5,758.65,0,43,3,0.19,West
2612,Female,31,Gold,0,444.06,0,6,3,0.69,West
2613,Female,35,Silver,1,799.89,0,76,4,0.06,South
2614,Female,45,Gold,6,520.58,0,11,3,0.2,North
2615,Female,46,Basic,1,603.22,0,82,2,0.64,East
2616,Female,33,Gold,6,547.23,0,66,5,0.91,East
2617,Female,52,Silver,8,419.51,1,49,4,0.77,South
2618,Male,64,Basic,1,483.02,0,20,4,0.33,North
2619,Male,48,Gold,4,786.75,0,21,4,0.82,South
2620,Male,21,Gold,3,790.83,1,36,3,0.97,South
2621,Male,54,Gold,4,702.12,0,38,4,0.33,East
2622,Male,34,Basic,3,566.2,1,56,4,0.19,South
2623,Female,56,Platinum,2,870.18,1,11,3,0.2,North
2624,Female,63,Platinum,4,748.24,0,18,4,0.4,North
2625,Female,43,Basic,4,582.44,0,81,5,0.05,North
2626,Female,56,Basic,5,306.83,0,45,3,0.49,North
2627,Female,58,Basic,4,729.19,1,26,1,0.73,East
2628,Female,21,Platinum,5,786.23,1,59,3,0.53,East
2629,Female,47,Silver,6,664.3,0,6,2,0.97,East
2630,Male,47,Basic,0,313.47,0,43,3,0.46,East
2631,Male,39,Basic,3,629.74,0,52,3,0.01,North
2632,Male,28,Basic,3,926.41,0,62,3,0.47,North
2633,Male,19,Silver,2,576.96,1,17,5,0.93,South
2634,Female,61,Silver,6,894.56,1,77,4,0.1,South
2635,Female,29,Platinum,2,705.32,0,46,4,0.22,East
2636,Female,47,Silver,6,607.09,0,41,1,0.72,South
2637,Male,53,Gold,6,810.43,0,13,2,0.29,East
2638,Female,35,Basic,3,508.78,0,6,5,0.77,East
2639,Female,43,Basic,4,414.54,1,86,3,0.42,East
2640,Female,24,Silver,4,417.66,1,33,1,0.8,West
2641,Male,18,Basic,2,631.14,0,4,5,0.55,South
2642,Female,43,Basic,4,666.88,0,78,3,0.08,South
2643,Male,40,Platinum,4,497.66,1,50,3,0.39,East
2644,Male,43,Silver,2,782.93,1,48,5,0.33,North
2645,Male,62,Basic,1,613.25,0,27,1,0.81,West
2646,Male,23,Basic,6,724.41,0,6,4,0.62,South
2647,Female,23,Basic,0,497.76,0,58,5,0.78,North
2648,Male,61,Platinum,6,572.7,0,63,2,0.37,East
2649,Male,25,Basic,3,335.18,0,1,5,0.69,East
2650,Female,41,Basic,4,557.83,0,28,3,0.07,South
2651,Female,39,Silver,4,633.84,1,29,5,0.04,South
2652,Male,36,Basic,1,515.92,1,28,3,0.29,West
2653,Female,54,Basic,7,590.9,0,74,5,0.77,South
2654,Male,35,Basic,1,635.86,0,82,4,0.53,West
2655,Male,48,Basic,6,519.77,1,68,4,0.41,East
2656,Male,54,Basic,3,560.33,0,41,5,0.9,North
2657,Male,47,Basic,4,490.34,1,55,3,0.5,North
2658,Female,59,Gold,5,458.81,0,32,3,0.61,West
2659,Male,50,Basic,10,784.42,0,69,3,0.99,West
2660,Female,27,Gold,1,385.49,0,22,3,0.52,South
2661,Female,54,Gold,2,728.08,1,57,4,0.78,South
2662,Female,29,Silver,3,395.34,0,22,5,0.41,South
2663,Female,47,Basic,4,826.72,1,66,4,0.04,North
2664,Male,44,Basic,6,686.29,1,41,3,0.83,South
2665,Female,56,Gold,4,543.94,1,43,5,0.94,South
2666,Male,26,Silver,3,741.59,1,34,3,0.43,East
2667,Female,38,Silver,5,763.07,0,2,4,0.5,West
2668,Female,29,Basic,4,686.83,0,59,2,0.42,South
2669,Male,46,Platinum,4,671.09,0,36,2,1.0,East
2670,Male,50,Basic,4,633.56,0,8,4,0.9,North
2671,Male,60,Basic,3,812.5,0,33,2,0.04,South
2672,Female,32,Silver,6,596.27,1,33,3,0.78,North
2673,Female,19,Basic,1,618.01,1,68,4,0.6,North
2674,Male,56,Silver,6,729.34,1,18,3,0.03,North
2675,Male,61,Gold,4,552.24,0,64,4,0.44,North
2676,Male,35,Gold,2,765.0,1,61,5,0.15,West
2677,Male,20,Gold,5,733.8,1,83,4,0.87,North
2678,Female,24,Silver,5,1026.89,0,10,4,0.01,East
2679,Male,60,Silver,2,581.51,0,50,3,0.87,East
2680,Male,35,Basic,5,689.77,0,22,4,0.94,North
2681,Male,61,Silver,9,670.04,0,39,1,0.07,North
2682,Male,55,Basic,4,721.53,0,65,4,0.72,West
2683,Female,54,Basic,2,589.37,1,30,2,0.55,South
2684,Male,50,Basic,1,669.71,0,5,3,0.95,North
2685,Female,61,Silver,5,621.8,1,26,4,0.8,East
2686,Male,48,Silver,3,729.0,1,63,4,0.69,East
2687,Male,28,Platinum,2,311.76,0,46,3,0.93,West
2688,Female,21,Basic,5,564.22,0,31,3,0.16,East
2689,Male,35,Platinum,5,918.19,1,41,4,0.38,East
2690,Female,21,Gold,8,831.12,0,12,5,0.84,North
2691,Female,51,Silver,2,645.5,0,17,1,0.1,West
2692,Male,46,Silver,4,688.83,0,18,3,0.94,East
2693,Female,41,Basic,7,677.98,1,66,1,0.75,East
2694,Female,39,Gold,4,694.6,0,88,3,0.44,West
2695,Female,19,Silver,3,468.52,0,39,4,0.34,West
2696,Female,61,Platinum,1,500.18,0,74,2,0.15,East
2697,Female,23,Silver,2,502.38,1,33,4,0.09,South
2698,Female,59,Gold,6,533.29,0,88,5,0.42,North
2699,Female,42,Gold,3,836.1,1,75,4,0.84,East
2700,Female,38,Basic,7,425.05,0,8,5,0.53,East
2701,Male,33,Basic,3,894.57,1,26,4,0.45,North
2702,Male,48,Silver,1,660.78,1,76,5,0.32,East
2703,Female,31,Silver,1,424.94,0,35,2,0.16,East
2704,Male,56,Basic,4,514.53,1,57,3,0.99,West
2705,Female,45,Gold,2,665.78,1,79,4,0.03,East
2706,Female,49,Silver,3,406.16,1,21,5,0.31,South
2707,Male,45,Platinum,6,547.76,0,37,3,0.77,West
2708,Female,26,Gold,5,429.45,1,5,1,0.52,East
2709,Female,62,Silver,2,695.32,0,17,5,0.31,East
2710,Female,39,Platinum,8,431.81,1,82,1,0.99,North
2711,Female,49,Silver,5,373.8,0,25,3,0.62,North
2712,Male,22,Gold,5,819.63,1,61,3,0.3,South
2713,Female,40,Basic,5,554.24,0,37,4,0.85,North
2714,Female,22,Basic,0,541.05,0,84,5,0.15,North
2715,Female,59,Silver,7,670.7,1,66,3,0.46,South
2716,Male,49,Silver,7,595.84,0,13,4,0.84,East
2717,Female,27,Silver,4,476.6,0,40,3,0.98,North
2718,Male,56,Silver,2,508.4,1,42,4,0.38,North
2719,Male,32,Basic,6,707.77,0,84,3,0.14,South
2720,Female,24,Platinum,10,455.38,0,70,2,0.57,North
2721,Female,46,Silver,1,594.59,1,75,5,0.94,West
2722,Male,64,Silver,6,850.18,0,25,2,0.67,North
2723,Female,20,Silver,5,555.38,0,42,4,0.6,East
2724,Male,36,Gold,4,784.87,1,10,5,0.31,South
2725,Male,27,Platinum,9,448.53,1,43,3,0.61,East
2726,Female,45,Silver,4,627.67,1,68,3,0.88,East
2727,Female,46,Basic,6,786.91,1,89,3,0.38,East
2728,Male,32,Silver,4,514.41,0,28,3,0.24,South
2729,Male,52,Silver,3,887.59,0,24,5,0.48,West
2730,Male,23,Gold,6,591.94,1,41,3,0.38,North
2731,Male,29,Basic,4,425.61,1,61,5,0.47,East
2732,Female,64,Platinum,6,750.59,1,5,5,0.1,South
2733,Female,55,Silver,8,837.78,1,11,5,0.34,North
2734,Female,30,Platinum,2,412.94,1,8,2,0.83,South
2735,Female,46,Basic,4,666.22,0,21,3,0.4,East
2736,Female,36,Gold,1,499.07,1,64,3,0.97,South
2737,Male,20,Platinum,3,446.78,1,5,4,0.71,East
2738,Female,25,Platinum,5,467.7,0,34,1,0.37,South
2739,Female,25,Basic,7,631.53,0,9,5,0.25,East
2740,Female,37,Basic,6,794.02,1,38,4,0.69,North
2741,Female,64,Silver,1,590.86,1,43,4,0.3,South
2742,Female,21,Basic,2,663.0,1,10,4,0.93,South
2743,Male,38,Basic,4,516.91,1,12,4,0.12,North
2744,Male,20,Basic,7,581.05,0,18,3,0.03,East
2745,Male,62,Silver,5,469.78,1,87,3,0.22,West
2746,Female,25,Silver,7,328.41,1,12,4,0.61,East
2747,Male,40,Basic,6,523.23,0,31,4,0.83,East
2748,Male,33,Basic,7,769.39,1,11,3,0.17,North
2749,Female,30,Silver,6,225.79,0,27,5,0.58,West
2750,Female,20,Silver,3,765.2,0,21,5,0.14,South
2751,Female,26,Basic,9,649.31,1,74,3,0.56,West
2752,Male,31,Basic,10,579.21,1,13,4,0.02,South
2753,Male,30,Platinum,4,521.2,1,45,3,0.56,South
2754,Female,24,Platinum,2,671.84,1,47,3,0.52,North
2755,Female,32,Platinum,4,809.78,0,25,5,0.04,East
2756,Male,24,Gold,5,638.7,0,77,5,0.69,East
2757,Male,55,Basic,1,568.44,1,64,4,0.57,West
2758,Female,51,Silver,3,1004.85,0,70,5,0.62,East
2759,Female,58,Silver,3,612.92,0,28,4,0.53,South
2760,Male,39,Silver,5,354.25,1,20,4,0.72,North
2761,Female,41,Basic,4,649.17,0,84,4,0.53,East
2762,Male,54,Silver,3,511.74,1,41,3,0.92,East
2763,Male,61,Silver,3,547.04,0,4,2,0.94,South
2764,Male,18,Basic,6,791.77,1,84,3,0.73,West
2765,Male,27,Gold,4,731.67,1,69,4,0.91,East
2766,Female,60,Basic,6,335.69,0,86,4,0.92,South
2767,Female,33,Basic,5,340.6,1,24,4,0.26,West
2768,Male,63,Basic,5,621.16,0,17,3,0.99,East
2769,Male,25,Basic,5,745.89,0,5,3,0.27,South
2770,Male,42,Basic,3,263.1,1,57,3,0.02,South
2771,Male,29,Platinum,5,746.94,1,26,3,0.96,East
2772,Male,42,Silver,3,969.91,1,72,5,0.22,South
2773,Female,34,Silver,5,777.95,1,73,4,0.58,East
2774,Female,43,Basic,6,481.04,0,17,2,0.97,East
2775,Female,63,Silver,2,696.31,1,56,4,0.05,West
2776,Female,31,Gold,5,634.95,1,8,4,0.27,North
2777,Male,58,Silver,2,867.27,1,64,4,0.61,East
2778,Male,53,Gold,3,770.29,0,69,5,0.76,East
2779,Male,40,Platinum,3,465.15,1,10,4,0.81,West
2780,Male,60,Gold,6,688.07,1,50,5,0.88,North
2781,Male,23,Silver,4,476.95,0,55,5,0.17,North
2782,Female,64,Basic,4,755.72,0,14,2,0.37,South
2783,Male,22,Silver,4,561.93,0,27,1,0.71,North
2784,Female,60,Silver,3,594.09,1,5,3,0.72,North
2785,Female,42,Gold,3,625.41,0,79,5,0.31,South
2786,Female,35,Gold,4,517.33,1,28,5,0.3,North
2787,Female,30,Gold,2,615.97,0,5,5,0.32,West
2788,Male,60,Gold,1,668.83,0,86,3,0.89,East
2789,Female,31,Basic,5,557.83,1,12,4,0.91,West
2790,Female,45,Basic,2,632.9,0,8,4,0.01,North
2791,Female,35,Basic,5,488.4,1,59,3,0.33,South
2792,Male,45,Platinum,1,415.41,0,65,3,0.39,West
2793,Male,44,Gold,4,594.89,0,60,4,0.98,West
2794,Male,49,Silver,3,752.62,0,80,4,0.94,East
2795,Female,64,Gold,5,747.72,1,55,4,0.63,South
2796,Female,26,Gold,3,738.31,0,43,3,0.05,West
2797,Male,57,Platinum,5,751.48,1,41,3,0.19,North
2798,Female,49,Gold,2,627.62,0,10,4,0.43,East
2799,Male,37,Silver,1,517.76,0,75,5,0.96,West
2800,Male,45,Silver,7,560.86,1,84,5,0.09,North
2801,Female,50,Basic,6,581.84,0,7,4,0.79,West
2802,Female,21,Silver,7,501.3,1,21,5,0.19,West
2803,Female,63,Silver,0,688.94,1,75,1,0.51,South
2804,Female,51,Basic,10,508.19,0,87,5,0.77,West
2805,Male,20,Gold,1,322.54,0,44,4,0.69,South
2806,Male,43,Silver,2,758.79,0,82,5,0.78,North
2807,Male,25,Platinum,5,676.55,0,88,1,0.81,South
2808,Male,23,Basic,5,341.21,0,86,5,0.31,North
2809,Male,33,Silver,5,502.81,1,37,4,0.36,South
2810,Female,41,Silver,4,585.56,0,44,3,0.82,South
2811,Male,56,Basic,2,599.54,0,65,3,0.04,South
2812,Male,47,Silver,3,915.71,1,6,3,0.51,South
2813,Male,62,Basic,7,456.12,1,38,3,0.92,East
2814,Female,30,Basic,2,446.84,0,43,3,0.89,West
2815,Female,22,Basic,5,790.72,0,57,4,0.8,East
2816,Female,42,Basic,4,572.51,0,75,5,0.02,North
2817,Female,37,Gold,2,776.0,0,80,5,0.89,North
2818,Male,35,Basic,1,560.12,0,70,3,0.91,West
2819,Male,64,Silver,4,782.79,1,65,2,0.66,North
2820,Female,35,Gold,2,558.37,0,55,3,0.3,North
2821,Female,19,Silver,3,581.26,1,35,2,0.49,South
2822,Male,27,Platinum,5,444.43,0,24,5,0.76,West
2823,Male,62,Gold,3,859.2,1,38,4,0.81,South
2824,Female,64,Gold,3,486.93,0,3,4,0.34,West
2825,Female,29,Basic,4,408.43,0,51,3,0.33,South
2826,Female,64,Gold,4,843.02,0,61,4,0.74,West
2827,Female,30,Gold,4,698.83,0,40,5,0.69,North
2828,Male,64,Basic,4,837.67,1,54,4,0.51,East
2829,Male,28,Basic,3,493.02,1,66,5,0.42,North
2830,Male,36,Basic,4,690.77,1,60,1,0.66,West
2831,Female,52,Gold,1,810.02,0,15,1,0.03,East
2832,Female,56,Silver,4,428.61,1,86,5,0.08,East
2833,Male,43,Gold,7,648.99,0,46,4,0.57,South
2834,Male,63,Basic,1,532.02,0,55,3,0.21,West
2835,Male,31,Gold,8,541.02,0,4,3,0.77,South
2836,Male,62,Basic,6,476.84,0,24,4,0.77,West
2837,Female,61,Basic,2,663.94,0,83,4,0.71,North
2838,Male,41,Silver,5,564.37,1,86,5,0.9,West
2839,Male,58,Basic,3,461.18,0,40,2,0.14,North
2840,Male,18,Basic,3,812.99,0,27,4,0.26,East
2841,Male,60,Basic,4,607.72,0,79,4,0.25,East
2842,Male,39,Silver,5,364.92,0,52,4,0.78,South
2843,Male,40,Platinum,3,497.24,1,37,4,0.52,East
2844,Male,36,Gold,4,377.96,0,1,4,0.25,East
2845,Female,35,Silver,4,506.05,0,76,3,0.14,North
2846,Female,29,Basic,3,652.81,1,9,4,0.89,West
2847,Female,45,Silver,6,692.88,0,83,3,0.69,North
2848,Female,45,Gold,6,726.77,0,18,1,0.53,East
2849,Male,50,Basic,2,506.44,1,39,3,0.97,West
2850,Female,36,Basic,7,546.58,0,75,1,0.85,East
2851,Female,45,Basic,2,665.96,1,75,4,0.18,East
2852,Male,54,Gold,4,729.41,0,30,2,0.51,North
2853,Male,43,Basic,5,578.97,0,20,3,0.49,West
2854,Female,52,Gold,2,696.31,0,15,5,0.84,North
2855,Female,51,Basic,4,515.97,1,64,1,0.15,South
2856,Male,52,Basic,3,277.63,0,25,3,0.45,South
2857,Female,57,Silver,5,735.93,1,49,4,0.64,South
2858,Male,33,Silver,5,684.52,0,67,3,0.95,South
2859,Male,55,Basic,3,585.4,1,26,4,0.9,North
2860,Male,30,Basic,6,626.24,1,45,3,0.53,South
2861,Male,40,Basic,2,773.48,0,6,3,0.61,North
2862,Female,39,Basic,7,598.73,0,32,5,0.85,West
2863,Male,33,Basic,2,166.09,1,75,3,0.74,West
2864,Male,45,Platinum,4,295.45,0,77,3,0.88,North
2865,Female,52,Silver,5,800.81,1,17,3,0.9,West
2866,Male,62,Silver,2,688.99,0,46,3,0.83,South
2867,Female,63,Basic,2,770.39,0,53,3,0.01,North
2868,Female,25,Basic,8,822.96,0,4,3,0.31,East
2869,Female,61,Basic,3,814.27,0,78,4,0.4,West
2870,Male,39,Silver,5,388.61,0,28,4,0.68,South
2871,Female,38,Silver,3,569.73,0,71,4,0.31,South
2872,Female,43,Basic,0,467.24,1,16,4,0.32,East
2873,Male,57,Gold,8,624.5,0,78,5,0.4,South
2874,Female,38,Silver,2,396.78,0,39,5,0.96,North
2875,Female,42,Basic,2,606.44,1,30,4,0.44,West
2876,Female,58,Basic,3,341.62,0,79,5,0.14,North
2877,Female,18,Silver,6,547.93,1,57,4,0.01,North
2878,Female,23,Gold,4,818.76,0,56,5,0.24,West
2879,Male,40,Basic,2,497.68,1,39,4,0.94,South
2880,Female,40,Basic,2,496.1,0,42,5,0.95,East
2881,Female,60,Silver,2,618.88,0,18,3,0.53,East
2882,Male,60,Basic,8,627.31,1,75,4,0.65,South
2883,Male,40,Silver,5,647.08,0,22,4,0.8,North
2884,Male,49,Silver,5,480.74,1,4,5,0.06,West
2885,Female,47,Basic,2,509.79,0,3,5,0.37,West
2886,Male,30,Basic,4,610.25,0,61,3,0.64,North
2887,Female,60,Silver,4,747.53,0,24,4,0.9,South
2888,Female,35,Basic,6,490.45,0,78,2,0.73,South
2889,Male,40,Basic,8,570.43,0,52,2,0.35,North
2890,Male,32,Gold,4,309.69,1,67,5,0.91,South
2891,Female,50,Basic,6,534.56,1,31,4,0.66,East
2892,Male,38,Silver,3,630.24,1,53,3,0.83,East
2893,Female,56,Basic,7,730.56,0,61,4,0.39,West
2894,Male,40,Silver,2,482.07,0,58,4,0.0,South
2895,Male,44,Basic,2,625.75,0,35,3,0.17,North
2896,Male,62,Platinum,5,640.74,1,31,3,0.93,East
2897,Female,61,Gold,7,331.2,0,57,4,0.03,West
2898,Male,35,Basic,6,411.44,0,76,3,0.6,South
2899,Female,41,Silver,7,675.36,0,10,2,0.41,North
2900,Female,64,Basic,4,609.08,0,84,3,0.43,South
2901,Female,57,Silver,7,614.24,1,18,5,0.4,West
2902,Female,59,Gold,2,460.56,1,56,1,0.07,South
2903,Male,24,Silver,8,382.79,1,36,5,0.12,South
2904,Female,37,Basic,6,671.82,0,51,4,0.06,West
2905,Female,44,Silver,4,625.09,0,61,1,0.05,South
2906,Male,23,Basic,5,308.92,0,19,4,0.09,South
2907,Female,44,Gold,2,585.17,0,81,3,0.7,North
2908,Male,26,Silver,4,867.15,1,11,5,0.11,East
2909,Female,62,Basic,3,689.96,0,5,5,0.26,North
2910,Male,48,Basic,2,465.69,1,45,3,0.66,West
2911,Female,38,Gold,2,625.03,1,45,5,0.11,East
2912,Male,43,Gold,1,569.13,0,48,3,0.91,South
2913,Female,57,Basic,2,846.95,0,14,3,0.48,South
2914,Female,62,Basic,3,431.17,0,28,3,0.96,West
2915,Male,30,Silver,4,794.93,0,9,4,0.19,North
2916,Male,40,Basic,4,420.95,0,59,3,0.03,North
2917,Male,37,Basic,2,650.08,0,38,4,0.59,East
2918,Male,54,Basic,3,696.77,0,25,5,0.33,South
2919,Female,45,Basic,6,773.08,1,72,5,0.57,North
2920,Female,34,Silver,3,715.25,1,48,5,0.47,South
2921,Male,45,Platinum,4,371.36,0,19,3,0.46,South
2922,Female,58,Silver,4,600.17,0,2,4,0.85,South
2923,Male,19,Basic,4,676.68,0,6,5,0.19,East
2924,Male,42,Silver,6,762.95,0,30,1,0.5,West
2925,Female,58,Silver,10,430.42,1,61,5,0.42,South
2926,Female,23,Basic,3,459.13,1,2,3,0.67,West
2927,Female,28,Platinum,9,380.47,0,51,4,0.05,West
2928,Female,55,Silver,0,599.95,0,83,4,0.53,East
2929,Female,23,Platinum,3,640.57,0,13,5,0.48,North
2930,Female,62,Silver,3,653.18,0,49,4,0.97,West
2931,Female,28,Silver,1,560.12,1,8,5,0.76,West
2932,Male,31,Basic,2,583.04,1,9,1,0.15,West
2933,Male,19,Silver,1,584.2,1,23,3,0.51,North
2934,Male,57,Basic,5,565.11,1,72,3,0.78,South
2935,Male,20,Gold,1,324.73,0,73,4,0.52,South
2936,Male,52,Gold,3,456.51,0,16,4,0.36,East
2937,Female,50,Gold,5,680.65,0,16,5,0.38,South
2938,Male,41,Gold,2,533.32,1,12,2,0.37,South
2939,Male,36,Gold,3,524.87,0,89,3,0.02,South
2940,Male,35,Basic,4,789.95,0,11,5,0.73,East
2941,Male,41,Silver,5,761.3,0,82,3,0.61,East
2942,Male,62,Silver,5,490.44,0,13,4,0.27,South
2943,Male,52,Silver,2,823.67,0,35,2,0.63,South
2944,Male,18,Gold,7,570.66,1,82,3,0.31,West
2945,Female,53,Basic,2,719.99,1,43,1,0.24,North
2946,Female,42,Basic,5,594.81,0,30,2,0.74,East
2947,Male,62,Platinum,6,504.03,0,60,4,0.81,North
2948,Female,60,Silver,5,720.28,1,67,5,0.63,South
2949,Female,51,Basic,4,464.68,0,29,5,0.78,South
2950,Female,42,Gold,2,576.41,1,25,3,0.37,South
2951,Female,33,Platinum,1,599.57,0,66,3,0.07,South
2952,Male,51,Basic,4,542.19,1,5,4,0.6,East
2953,Female,46,Gold,8,396.04,1,5,2,0.26,South
2954,Female,36,Platinum,4,675.99,1,85,5,0.78,North
2955,Female,40,Platinum,5,738.1,0,49,4,0.36,West
2956,Male,36,Platinum,5,624.63,0,26,5,0.67,West
2957,Male,42,Silver,4,485.89,0,71,2,0.55,North
2958,Male,33,Basic,1,925.15,0,30,2,0.82,North
2959,Male,26,Basic,2,565.34,0,28,3,0.83,West
2960,Male,18,Basic,3,562.77,0,14,3,0.07,East
2961,Male,59,Silver,5,161.22,0,18,4,0.3,North
2962,Male,36,Basic,4,413.85,1,57,5,0.87,East
2963,Female,50,Basic,3,774.08,0,81,2,0.4,West
2964,Female,51,Basic,2,1093.94,1,25,3,0.51,East
2965,Female,33,Basic,1,792.87,0,70,3,0.18,West
2966,Male,61,Gold,4,443.7,0,5,4,0.55,South
2967,Male,57,Basic,7,671.41,0,53,4,0.26,East
2968,Male,35,Silver,5,541.67,1,85,4,0.83,East
2969,Male,51,Silver,5,546.25,0,39,4,0.2,East
2970,Male,42,Basic,7,404.72,0,57,4,0.36,South
2971,Female,62,Platinum,2,677.92,0,84,4,0.1,South
2972,Female,23,Silver,5,409.72,1,11,5,0.59,South
2973,Male,38,Basic,5,254.89,0,69,3,0.94,North
2974,Male,23,Basic,3,538.6,0,25,1,0.17,West
2975,Male,49,Basic,3,216.11,0,30,3,0.02,North
2976,Male,58,Basic,5,478.8,1,2,1,0.42,East
2977,Female,60,Basic,3,689.94,0,84,3,0.75,West
2978,Male,56,Silver,3,769.77,1,36,3,0.98,North
2979,Male,48,Gold,1,695.64,0,37,2,0.05,South
2980,Male,59,Silver,7,565.39,1,2,5,0.79,North
2981,Male,27,Basic,2,518.38,1,47,4,0.37,South
2982,Female,47,Basic,5,461.02,1,59,3,0.15,North
2983,Male,35,Silver,9,822.96,0,4,5,0.19,South
2984,Male,41,Basic,5,411.19,0,67,4,0.92,North
2985,Female,26,Basic,6,618.64,1,46,3,0.81,East
2986,Female,48,Gold,6,689.03,1,36,5,0.31,West
2987,Female,32,Basic,1,302.2,1,65,3,0.94,North
2988,Male,21,Gold,3,237.7,0,56,5,0.11,North
2989,Male,57,Basic,7,688.69,0,76,5,0.32,West
2990,Female,26,Platinum,4,381.74,0,35,4,0.65,East
2991,Female,62,Silver,4,646.43,0,82,4,1.0,East
2992,Female,26,Gold,2,468.66,0,23,5,0.47,South
2993,Female,43,Basic,3,640.14,0,78,3,0.81,East
2994,Female,21,Gold,3,660.48,0,44,3,0.92,West
2995,Female,34,Gold,4,750.75,1,1,4,0.01,North
2996,Male,33,Silver,5,666.46,1,88,5,0.29,West
2997,Male,32,Silver,0,633.68,0,66,4,0.1,South
2998,Male,52,Gold,3,860.93,1,12,5,0.78,North
2999,Female,22,Basic,4,453.43,1,13,3,0.57,South
3000,Female,22,Silver,3,607.86,1,27,5,0.1,South
3001,Female,37,Gold,2,736.57,0,20,5,0.42,East
3002,Female,32,Basic,9,201.03,1,6,3,0.51,North
3003,Female,35,Basic,4,828.74,1,8,5,0.7,South
3004,Female,64,Silver,4,575.07,1,21,3,0.78,South
3005,Male,19,Gold,5,664.35,0,21,5,0.09,South
3006,Male,46,Basic,2,526.02,0,45,5,0.49,West
3007,Female,30,Basic,5,666.03,1,70,2,0.16,South
3008,Male,21,Basic,5,639.81,1,44,4,0.75,East
3009,Female,59,Gold,2,431.37,1,59,4,0.66,East
3010,Male,62,Basic,3,534.03,1,30,2,0.72,North
3011,Female,27,Silver,2,675.43,0,10,1,0.07,South
3012,Female,48,Basic,8,820.6,0,75,1,0.51,North
3013,Male,58,Gold,8,543.6,1,1,4,0.84,North
3014,Male,25,Platinum,3,406.33,0,10,4,0.71,East
3015,Female,20,Basic,3,652.98,0,25,5,0.86,South
3016,Female,63,Basic,5,554.86,1,80,3,0.21,East
3017,Male,26,Gold,8,720.38,0,83,4,0.29,West
3018,Male,47,Basic,5,488.13,0,74,1,0.44,South
3019,Female,28,Basic,2,395.87,0,14,4,0.52,South
3020,Male,52,Gold,4,835.4,1,3,5,0.25,North
3021,Female,54,Platinum,3,528.99,1,68,3,0.38,North
3022,Female,59,Silver,4,464.15,1,40,3,0.69,East
3023,Female,30,Basic,8,497.41,1,33,4,0.65,West
3024,Female,53,Basic,3,811.55,0,84,3,0.11,East
3025,Male,30,Basic,0,943.99,0,79,3,0.99,West
3026,Male,29,Gold,3,481.55,0,7,3,0.56,South
3027,Male,54,Gold,2,570.78,0,3,3,0.48,North
3028,Male,27,Gold,4,648.27,0,37,4,0.97,North
3029,Male,26,Basic,6,320.53,0,26,5,0.14,South
3030,Male,24,Silver,4,523.38,0,25,4,0.54,West
3031,Male,19,Basic,5,883.51,0,40,1,0.81,East
3032,Female,40,Basic,4,551.2,0,43,3,0.4,South
3033,Male,56,Gold,3,789.57,0,44,5,0.74,North
3034,Male,57,Basic,6,589.84,0,84,5,0.9,West
3035,Female,56,Silver,6,280.82,0,71,2,0.26,East
3036,Male,38,Silver,6,748.81,0,29,5,0.24,South
3037,Male,40,Platinum,3,547.76,0,57,5,0.36,North
3038,Female,46,Gold,4,814.77,0,9,3,0.42,West
3039,Male,31,Gold,2,630.32,0,22,4,0.11,East
3040,Male,43,Silver,1,600.95,0,76,4,0.23,South
3041,Male,22,Basic,5,670.66,1,70,3,0.87,East
3042,Female,48,Silver,5,656.99,0,6,3,0.57,South
3043,Male,42,Silver,4,339.87,0,27,3,0.27,West
3044,Male,48,Silver,5,759.13,0,83,5,0.94,North
3045,Female,37,Silver,3,595.05,1,52,5,0.77,South
3046,Male,61,Basic,2,604.07,1,70,3,0.36,South
3047,Female,34,Basic,3,662.72,0,49,4,0.77,West
3048,Female,62,Basic,7,735.62,0,81,3,0.6,West
3049,Male,19,Silver,3,758.26,0,23,4,0.68,North
3050,Female,42,Silver,12,699.88,0,81,5,0.32,West
3051,Female,30,Silver,4,338.09,0,21,4,0.21,East
3052,Male,56,Basic,6,589.36,1,74,3,0.25,East
3053,Female,45,Basic,1,459.6,1,8,3,0.08,North
3054,Female,59,Gold,5,626.88,0,54,4,0.47,North
3055,Male,23,Gold,6,570.2,0,14,4,0.41,West
3056,Male,20,Silver,4,905.4,0,31,4,0.0,East
3057,Male,52,Silver,5,395.52,0,51,4,0.86,West
3058,Female,35,Basic,2,601.52,1,62,5,0.68,North
3059,Male,28,Gold,5,616.97,0,18,4,0.45,East
3060,Female,37,Gold,4,530.04,0,47,5,0.97,North
3061,Female,22,Silver,2,596.55,1,82,3,0.94,North
3062,Female,36,Silver,1,921.24,0,52,5,0.1,West
3063,Female,39,Silver,6,654.37,0,89,3,0.62,North
3064,Female,36,Silver,5,826.76,1,37,4,0.82,West
3065,Female,64,Silver,8,529.51,0,89,4,0.17,North
3066,Female,33,Silver,4,715.85,0,30,3,0.13,North
3067,Male,41,Silver,5,478.38,1,30,5,0.26,North
3068,Male,58,Basic,5,469.2,1,75,3,0.28,East
3069,Female,21,Platinum,0,332.78,0,48,4,0.96,North
3070,Female,32,Gold,3,440.1,0,39,5,0.78,South
3071,Male,42,Basic,4,608.4,0,27,3,0.06,East
3072,Female,61,Silver,5,831.9,0,16,5,0.79,South
3073,Male,52,Basic,3,582.53,0,32,4,0.17,North
3074,Male,31,Basic,4,634.82,1,29,5,0.36,East
3075,Male,36,Basic,6,771.85,0,52,4,0.32,South
3076,Female,55,Silver,7,551.45,0,74,4,0.27,North
3077,Female,53,Gold,3,453.58,0,75,3,0.31,East
3078,Male,24,Silver,2,470.68,0,15,5,0.75,North
3079,Male,47,Silver,0,768.19,1,44,1,0.27,West
3080,Male,36,Silver,6,621.68,0,23,4,0.8,West
3081,Male,42,Basic,8,621.69,0,48,1,0.09,South
3082,Male,33,Basic,5,466.3,0,23,3,0.6,East
3083,Female,64,Gold,6,801.5,0,71,2,0.86,East
3084,Male,57,Platinum,2,877.1,0,14,5,0.08,East
3085,Female,25,Silver,4,625.98,1,73,4,0.63,East
3086,Male,35,Silver,3,737.73,1,54,4,0.51,East
3087,Female,45,Platinum,4,503.27,0,70,5,0.33,South
3088,Female,33,Basic,3,791.16,0,43,4,0.1,East
3089,Female,36,Gold,1,686.34,0,45,2,0.68,West
3090,Female,59,Silver,3,415.44,1,22,4,0.31,West
3091,Female,34,Silver,6,667.81,0,61,5,0.34,East
3092,Female,62,Basic,1,667.06,0,18,3,0.72,North
3093,Male,30,Silver,3,627.25,0,44,4,0.95,East
3094,Female,24,Gold,9,676.27,0,86,4,0.33,South
3095,Male,44,Basic,3,592.98,0,73,3,0.75,West
3096,Female,27,Silver,2,572.5,1,18,5,0.96,West
3097,Female,51,Basic,5,637.46,0,57,3,0.1,South
3098,Male,53,Gold,5,547.54,1,85,2,0.53,South
3099,Female,42,Silver,6,502.83,1,15,5,0.01,North
3100,Male,23,Gold,2,766.56,1,73,4,0.83,West
3101,Male,41,Basic,5,513.98,0,58,3,0.29,East
3102,Male,35,Basic,1,575.88,0,2,3,0.33,South
3103,Male,40,Basic,5,528.04,1,14,5,0.69,East
3104,Female,23,Basic,4,469.45,0,21,3,0.79,South
3105,Female,46,Basic,4,831.27,1,43,4,0.4,South
3106,Male,42,Silver,3,383.85,0,45,3,0.67,West
3107,Female,34,Basic,3,659.59,1,34,5,0.96,South
3108,Female,63,Silver,3,580.38,1,71,5,0.89,West
3109,Male,41,Basic,3,671.81,0,79,4,0.7,North
3110,Female,28,Silver,1,574.44,1,12,4,0.94,West
3111,Male,43,Gold,8,673.87,0,7,5,0.88,East
3112,Male,51,Silver,5,642.46,0,69,5,0.73,East
3113,Female,45,Platinum,8,688.29,1,87,5,0.92,East
3114,Female,20,Basic,4,861.54,0,28,5,0.82,East
3115,Female,28,Silver,3,319.97,0,25,3,0.5,West
3116,Male,55,Silver,1,612.19,0,66,3,0.5,West
3117,Male,31,Silver,5,450.94,0,51,5,0.01,South
3118,Female,43,Silver,1,491.31,0,73,5,0.03,West
3119,Female,38,Silver,6,457.18,0,34,5,0.75,East
3120,Female,56,Silver,7,556.18,0,46,2,0.55,West
3121,Female,47,Silver,3,768.33,0,47,4,0.76,North
3122,Male,25,Platinum,4,543.31,1,32,4,0.95,North
3123,Female,37,Platinum,8,651.89,1,12,5,0.45,North
3124,Male,49,Basic,5,734.52,0,19,1,0.09,East
3125,Male,39,Basic,3,472.26,1,47,5,0.63,North
3126,Female,24,Gold,5,480.35,1,38,3,0.1,South
3127,Female,26,Platinum,7,600.05,0,10,4,0.62,North
3128,Female,62,Basic,5,329.73,1,10,4,0.53,East
3129,Male,18,Basic,2,901.38,1,41,3,0.71,South
3130,Female,46,Platinum,3,600.85,1,55,4,0.35,North
3131,Female,25,Gold,5,683.94,1,71,5,0.14,West
3132,Male,21,Basic,2,570.69,1,74,3,0.24,West
3133,Female,52,Silver,4,695.41,0,43,4,0.68,East
3134,Male,20,Platinum,5,573.85,0,38,3,0.48,East
3135,Female,62,Gold,5,683.75,0,27,5,0.54,East
3136,Male,57,Gold,1,794.51,0,32,3,0.32,South
3137,Female,24,Gold,1,269.68,0,71,3,0.84,East
3138,Female,44,Basic,6,699.94,0,48,5,1.0,North
3139,Male,18,Gold,3,520.59,0,26,4,0.31,North
3140,Male,44,Basic,7,434.29,0,86,3,0.72,West
3141,Female,33,Platinum,4,383.47,0,58,5,0.17,West
3142,Male,55,Basic,6,614.64,1,76,4,0.74,North
3143,Male,24,Gold,3,642.3,0,24,4,0.43,West
3144,Male,61,Basic,1,506.14,0,54,4,0.61,East
3145,Male,40,Silver,4,411.25,0,46,5,0.24,East
3146,Female,58,Basic,3,617.2,1,58,3,0.85,North
3147,Female,28,Silver,2,610.41,1,32,2,0.17,South
3148,Male,59,Gold,6,690.2,0,16,3,0.93,South
3149,Male,50,Gold,4,703.11,0,70,4,0.06,South
3150,Male,53,Silver,2,774.69,1,65,3,0.29,West
3151,Male,54,Basic,5,701.1,1,13,4,0.56,South
3152,Female,58,Platinum,10,355.17,0,6,2,0.86,East
3153,Female,34,Gold,5,598.61,1,12,5,0.58,South
3154,Male,52,Gold,4,750.0,0,9,4,0.22,North
3155,Male,22,Gold,6,727.21,0,84,3,0.86,West
3156,Male,49,Gold,1,964.46,1,59,3,0.6,East
3157,Female,20,Silver,2,733.37,0,67,5,0.23,East
3158,Male,64,Gold,2,397.99,1,24,5,0.56,North
3159,Female,52,Silver,6,362.97,0,15,5,0.68,West
3160,Male,31,Gold,5,608.39,0,63,3,0.68,North
3161,Female,48,Gold,4,622.64,0,50,5,0.72,South
3162,Male,48,Basic,3,517.74,0,21,4,0.9,West
3163,Female,34,Basic,5,715.22,0,1,2,0.82,West
3164,Male,41,Basic,0,222.86,0,11,4,0.61,East
3165,Male,40,Basic,4,530.41,0,67,4,0.03,South
3166,Male,35,Silver,4,257.56,0,22,3,0.75,South
3167,Female,31,Gold,4,487.2,0,74,5,0.97,East
3168,Male,32,Basic,3,547.92,1,88,5,0.31,North
3169,Female,32,Silver,4,757.69,1,7,2,0.61,East
3170,Female,23,Platinum,4,416.73,0,49,5,0.77,North
3171,Male,44,Gold,5,579.5,0,1,3,0.64,North
3172,Male,32,Silver,0,521.41,1,65,4,0.92,West
3173,Male,53,Gold,7,581.72,1,63,5,0.47,South
3174,Female,25,Silver,5,541.79,0,64,4,0.53,South
3175,Male,32,Basic,3,561.99,0,26,3,0.04,South
3176,Female,20,Basic,2,502.24,1,17,3,0.9,East
3177,Female,64,Basic,2,655.47,0,11,4,0.26,East
3178,Male,30,Basic,8,765.36,0,67,4,0.98,North
3179,Male,58,Platinum,9,606.28,1,10,4,0.2,North
3180,Male,51,Gold,1,901.25,0,66,4,0.25,East
3181,Male,41,Silver,3,611.78,0,32,4,0.48,West
3182,Male,57,Silver,5,720.91,1,16,4,0.66,East
3183,Male,49,Basic,5,486.04,0,26,4,0.44,North
3184,Female,49,Gold,4,582.74,1,74,3,0.35,West
3185,Female,47,Gold,5,553.44,1,56,3,0.54,North
3186,Female,30,Basic,3,416.6,0,9,4,0.96,East
3187,Male,18,Basic,2,484.73,0,5,1,0.96,South
3188,Female,51,Silver,6,653.6,0,7,2,0.33,West
3189,Female,32,Silver,7,792.59,1,65,3,0.68,East
3190,Female,61,Silver,6,684.23,0,12,3,0.72,West
3191,Female,31,Silver,3,650.43,0,80,3,0.65,South
3192,Female,46,Silver,5,471.33,1,48,3,0.11,South
3193,Male,51,Basic,5,672.83,1,72,2,0.54,East
3194,Male,35,Basic,4,505.12,0,25,3,0.76,North
3195,Female,24,Silver,4,424.15,1,13,1,0.2,West
3196,Female,46,Gold,4,465.12,0,41,3,0.35,West
3197,Female,48,Platinum,6,581.99,1,10,5,0.2,South
3198,Male,42,Gold,5,519.01,1,40,3,0.89,East
3199,Male,55,Gold,7,643.14,0,33,4,0.86,South
3200,Female,31,Silver,1,543.33,1,35,2,0.17,South
3201,Male,25,Silver,5,641.68,1,37,1,0.76,North
3202,Male,44,Platinum,6,553.34,1,16,4,0.36,South
3203,Female,19,Basic,8,592.73,1,72,4,0.69,East
3204,Male,34,Silver,7,452.86,0,33,3,0.49,South
3205,Male,54,Silver,4,815.28,0,53,3,0.47,East
3206,Female,31,Silver,6,355.41,0,35,1,0.88,South
3207,Male,42,Basic,5,973.42,1,55,5,0.64,North
3208,Male,47,Silver,3,671.07,0,76,3,0.24,North
3209,Female,46,Gold,6,365.6,1,79,3,0.11,South
3210,Male,37,Silver,12,614.84,1,17,5,0.93,North
3211,Male,38,Gold,2,633.36,0,27,1,0.15,West
3212,Female,39,Basic,3,823.89,0,21,3,0.73,West
3213,Female,52,Platinum,6,397.67,0,21,3,0.5,South
3214,Female,54,Silver,3,397.85,0,17,3,0.14,South
3215,Male,33,Silver,2,651.72,1,27,1,0.78,North
3216,Female,60,Basic,7,628.99,0,76,5,0.9,North
3217,Male,34,Basic,2,820.09,1,48,5,0.12,South
3218,Female,33,Silver,7,450.28,0,44,3,0.07,East
3219,Male,19,Silver,5,437.97,0,36,3,0.85,East
3220,Female,21,Silver,1,880.53,0,28,4,0.5,West
3221,Female,38,Basic,2,593.16,1,25,4,0.67,North
3222,Female,56,Gold,4,488.18,0,73,5,0.44,North
3223,Female,51,Gold,5,705.86,1,47,4,0.41,West
3224,Male,47,Basic,6,292.38,0,23,3,0.3,East
3225,Female,23,Silver,5,656.74,0,75,2,0.56,East
3226,Female,34,Gold,5,505.21,0,50,5,0.16,West
3227,Male,56,Silver,5,524.68,0,65,1,0.72,South
3228,Female,42,Basic,5,794.31,0,16,5,0.55,North
3229,Male,22,Silver,4,664.38,0,50,4,0.85,South
3230,Female,22,Basic,4,430.84,0,13,3,0.92,South
3231,Female,37,Basic,3,607.72,0,84,3,0.9,East
3232,Female,33,Basic,4,617.55,0,80,3,0.6,South
3233,Male,58,Silver,3,560.68,0,80,4,0.32,North
3234,Female,54,Basic,2,455.96,1,35,4,0.36,North
3235,Female,57,Platinum,1,634.02,0,32,4,0.65,North
3236,Female,26,Basic,3,705.12,0,87,3,0.71,West
3237,Male,22,Basic,3,668.06,1,25,3,0.16,South
3238,Male,59,Silver,6,493.08,0,43,5,1.0,South
3239,Female,19,Basic,4,576.34,0,28,5,0.11,North
3240,Male,26,Silver,2,268.78,0,66,5,0.61,West
3241,Female,60,Basic,2,839.75,1,67,4,0.53,West
3242,Female,53,Basic,1,509.76,0,33,2,0.59,East
3243,Female,39,Basic,3,521.97,0,47,2,0.53,East
3244,Female,39,Silver,4,402.82,0,35,3,0.06,North
3245,Female,39,Basic,5,729.14,0,64,4,1.0,South
3246,Female,51,Gold,4,754.21,1,12,4,0.98,South
3247,Female,46,Silver,2,514.54,1,53,4,0.52,South
3248,Male,55,Silver,3,429.33,0,44,5,0.21,West
3249,Male,63,Silver,3,603.07,0,46,1,0.18,South
3250,Male,50,Silver,3,550.6,0,11,5,0.06,West
3251,Male,35,Platinum,6,711.65,1,70,3,0.61,North
3252,Male,24,Basic,7,580.31,0,89,1,0.48,South
3253,Male,18,Basic,4,569.62,1,46,5,0.42,West
3254,Male,50,Basic,7,700.57,0,59,5,0.53,North
3255,Female,18,Basic,5,363.6,1,59,5,0.87,North
3256,Female,41,Basic,6,553.31,0,34,5,0.07,West
3257,Female,21,Silver,4,628.83,0,21,5,0.54,West
3258,Female,21,Silver,2,535.83,0,82,4,0.7,South
3259,Male,35,Platinum,2,642.11,1,72,4,0.97,East
3260,Male,44,Basic,8,633.24,0,52,3,0.74,South
3261,Female,60,Basic,8,731.87,0,48,3,0.55,East
3262,Female,49,Platinum,1,558.85,1,78,4,0.77,West
3263,Male,50,Gold,2,295.09,1,19,4,1.0,East
3264,Female,45,Silver,3,367.86,1,84,3,0.89,West
3265,Female,59,Silver,5,669.54,0,4,3,0.09,North
3266,Female,58,Gold,5,627.21,1,32,5,0.57,East
3267,Female,53,Silver,5,566.12,1,28,4,0.79,East
3268,Male,23,Basic,4,577.01,1,76,5,0.67,North
3269,Female,33,Gold,7,502.79,1,58,5,0.42,South
3270,Female,51,Silver,3,503.31,0,74,4,0.32,East
3271,Male,40,Basic,6,517.94,0,41,1,0.63,West
3272,Male,59,Silver,5,558.11,0,33,3,0.41,South
3273,Female,41,Silver,5,618.3,1,14,3,0.39,North
3274,Male,30,Gold,3,588.51,0,87,4,0.84,East
3275,Female,35,Basic,8,550.87,0,82,3,0.32,North
3276,Female,30,Gold,4,704.36,1,53,5,0.64,North
3277,Male,54,Silver,10,730.36,0,76,4,0.87,West
3278,Female,60,Silver,2,800.81,1,42,3,0.62,North
3279,Female,56,Basic,5,571.72,1,36,5,0.49,East
3280,Female,59,Gold,2,521.92,0,25,3,0.04,North
3281,Female,34,Platinum,2,590.45,1,52,2,0.68,South
3282,Male,32,Basic,8,517.71,0,40,3,1.0,North
3283,Male,35,Basic,3,597.62,0,86,1,0.81,East
3284,Female,40,Silver,7,661.05,1,70,5,0.63,East
3285,Male,47,Gold,7,615.97,1,80,4,0.47,East
3286,Female,51,Basic,3,575.78,0,62,4,0.22,South
3287,Female,21,Silver,4,695.8,0,87,4,0.69,East
3288,Female,20,Silver,4,851.47,1,9,4,0.18,South
3289,Female,24,Basic,1,493.85,0,78,4,0.89,North
3290,Female,35,Silver,7,650.15,0,69,5,0.35,South
3291,Male,59,Basic,8,571.4,1,21,3,0.4,North
3292,Female,24,Gold,5,473.41,0,53,5,0.22,North
3293,Male,57,Silver,7,492.06,0,70,5,0.48,North
3294,Male,23,Silver,6,539.03,0,1,3,0.68,East
3295,Female,39,Basic,2,835.99,1,31,4,0.3,South
3296,Female,18,Basic,3,742.97,0,45,5,0.7,West
3297,Female,21,Gold,2,466.01,0,28,5,0.62,East
3298,Female,63,Silver,3,681.69,1,3,1,0.37,East
3299,Female,60,Silver,4,454.38,0,87,3,0.31,South
3300,Male,46,Silver,4,506.05,0,40,3,0.86,West
3301,Female,38,Silver,2,796.95,0,4,1,0.01,North
3302,Female,43,Basic,6,897.51,1,70,3,0.72,West
3303,Male,31,Basic,5,315.97,0,76,3,0.42,South
3304,Male,26,Basic,4,604.61,0,12,3,0.72,East
3305,Female,64,Gold,8,661.14,0,62,3,0.51,West
3306,Male,29,Basic,1,558.82,0,71,5,0.08,South
3307,Female,59,Basic,2,621.09,1,48,3,0.98,North
3308,Male,23,Gold,4,539.16,0,7,4,0.09,East
3309,Male,37,Basic,1,694.11,1,57,4,0.16,South
3310,Female,41,Silver,6,548.74,1,56,5,0.42,North
3311,Male,44,Basic,3,683.89,1,67,3,0.94,East
3312,Male,55,Basic,2,747.81,0,13,3,0.29,West
3313,Male,25,Silver,6,726.73,0,52,5,0.57,East
3314,Male,18,Basic,1,572.4,1,63,5,0.52,North
3315,Male,41,Gold,4,261.47,0,41,4,0.33,South
3316,Male,64,Silver,3,673.48,1,75,2,0.7,North
3317,Female,24,Basic,6,383.15,0,23,1,0.5,East
3318,Female,36,Basic,3,669.35,0,47,3,0.58,North
3319,Male,39,Silver,9,657.4,0,65,3,0.21,East
3320,Female,52,Basic,5,568.91,0,31,2,0.93,North
3321,Female,47,Basic,5,610.02,1,36,3,0.11,South
3322,Female,46,Silver,7,818.22,1,14,3,0.69,North
3323,Male,39,Gold,5,794.31,1,37,5,0.89,East
3324,Female,28,Silver,5,547.29,1,32,4,0.08,West
3325,Male,37,Gold,4,316.55,0,53,2,0.03,South
3326,Female,46,Gold,4,835.64,0,28,5,0.33,West
3327,Male,58,Basic,4,363.3,1,65,5,0.79,East
3328,Male,59,Gold,2,613.68,0,47,3,0.72,South
3329,Female,51,Gold,1,588.99,1,71,2,0.82,East
3330,Female,18,Basic,3,665.3,1,80,2,0.4,West
3331,Male,48,Platinum,1,794.9,1,32,4,0.99,West
3332,Female,47,Basic,8,609.09,1,24,3,0.37,East
3333,Female,35,Basic,4,524.29,1,14,2,0.81,East
3334,Female,34,Gold,2,642.7,0,47,3,0.35,South
3335,Male,55,Silver,6,395.55,0,79,4,0.22,East
3336,Male,31,Basic,4,497.39,0,1,3,0.34,West
3337,Female,40,Basic,5,568.26,0,19,4,0.19,North
3338,Female,42,Gold,1,681.46,1,58,3,0.13,West
3339,Female,32,Gold,1,807.96,0,7,3,0.36,East
3340,Male,63,Silver,3,762.19,1,82,3,0.15,West
3341,Male,39,Platinum,3,738.1,0,77,3,0.5,East
3342,Female,20,Basic,4,763.82,0,64,4,0.04,South
3343,Female,36,Basic,6,688.37,0,18,2,0.43,East
3344,Female,61,Silver,7,611.63,1,63,2,0.96,East
3345,Female,51,Gold,8,449.99,1,68,3,0.36,East
3346,Female,52,Basic,4,604.77,0,50,2,0.14,East
3347,Female,18,Basic,4,353.63,1,68,3,0.31,East
3348,Male,38,Gold,4,521.69,0,16,1,0.79,West
3349,Female,46,Platinum,7,609.73,1,14,3,0.31,West
3350,Male,23,Silver,2,608.95,1,62,3,0.38,North
3351,Female,54,Basic,2,505.61,1,78,5,0.79,North
3352,Female,18,Platinum,3,341.43,0,7,5,0.26,South
3353,Male,18,Gold,7,515.86,0,56,3,0.48,South
3354,Male,44,Silver,5,561.73,1,14,4,0.06,North
3355,Male,38,Gold,9,628.38,0,42,5,0.17,West
3356,Male,33,Gold,4,703.83,1,70,4,0.21,South
3357,Female,61,Platinum,2,553.83,0,62,5,0.46,North
3358,Male,57,Gold,1,542.28,1,43,5,0.82,West
3359,Female,43,Silver,6,504.03,0,57,5,0.35,North
3360,Male,33,Silver,1,589.45,0,75,3,0.38,South
3361,Female,45,Silver,5,740.15,1,31,1,0.3,South
3362,Female,18,Silver,6,442.92,0,51,2,0.32,East
3363,Female,53,Gold,3,305.69,0,67,4,0.4,North
3364,Female,27,Platinum,3,631.38,0,1,4,0.9,North
3365,Female,60,Silver,8,776.36,1,80,3,0.02,North
3366,Female,34,Silver,2,645.92,0,44,3,0.62,South
3367,Male,40,Silver,4,451.29,1,50,4,0.89,West
3368,Female,24,Silver,3,584.21,1,60,3,0.42,North
3369,Male,61,Silver,5,608.33,0,3,4,0.65,West
3370,Male,24,Basic,3,707.36,0,72,4,0.59,North
3371,Female,61,Silver,4,469.82,0,80,3,0.34,South
3372,Male,32,Basic,6,836.04,1,54,3,0.14,West
3373,Female,51,Basic,3,538.06,0,2,5,0.22,North
3374,Male,63,Gold,2,501.1,0,29,2,0.06,West
3375,Female,62,Basic,7,643.23,1,16,5,0.76,North
3376,Male,21,Basic,4,390.93,0,59,5,0.53,East
3377,Female,31,Basic,4,908.6,0,11,4,0.79,East
3378,Female,31,Basic,7,669.89,1,24,4,0.29,East
3379,Female,33,Gold,3,558.26,1,83,3,0.8,North
3380,Female,24,Silver,0,452.19,0,32,5,0.31,West
3381,Male,49,Gold,2,571.67,1,74,3,0.12,East
3382,Female,36,Basic,2,745.8,1,54,4,0.53,South
3383,Male,19,Basic,6,542.62,0,56,1,0.95,West
3384,Male,27,Basic,6,486.75,0,87,5,0.41,East
3385,Male,34,Gold,6,705.65,1,71,5,0.52,South
3386,Female,54,Silver,4,442.59,1,80,4,0.45,South
3387,Male,29,Platinum,4,635.1,1,43,3,0.46,South
3388,Male,23,Silver,7,661.79,0,53,3,0.21,North
3389,Male,39,Silver,3,657.59,0,1,4,0.42,South
3390,Female,49,Gold,9,664.71,0,61,5,0.5,West
3391,Female,58,Platinum,6,457.42,0,34,4,0.74,West
3392,Male,37,Basic,10,571.84,0,61,4,0.14,North
3393,Female,18,Basic,3,562.26,1,61,5,0.57,South
3394,Female,64,Silver,9,620.63,0,8,3,0.66,West
3395,Male,23,Silver,4,330.12,0,54,5,0.38,North
3396,Male,36,Platinum,2,390.13,1,53,3,0.55,South
3397,Female,35,Silver,4,924.06,0,20,1,0.71,West
3398,Male,23,Basic,5,708.82,0,46,4,0.47,South
3399,Female,62,Platinum,7,568.08,0,31,5,0.33,North
3400,Female,50,Gold,1,611.4,0,85,4,0.82,East
3401,Female,40,Basic,7,902.7,1,26,4,0.99,West
3402,Female,40,Platinum,4,318.89,1,63,5,0.22,South
3403,Female,43,Basic,6,617.1,0,20,5,0.89,South
3404,Female,30,Basic,5,548.77,1,22,5,0.55,East
3405,Male,24,Platinum,2,786.39,0,57,3,0.45,South
3406,Male,32,Silver,3,686.07,0,57,4,0.89,North
3407,Female,61,Basic,3,924.62,0,26,5,0.91,North
3408,Female,44,Basic,5,722.14,1,17,4,0.27,South
3409,Female,43,Gold,8,533.65,0,89,4,0.36,South
3410,Male,50,Basic,7,564.69,0,27,4,0.85,West
3411,Female,32,Silver,4,702.73,1,67,3,0.49,North
3412,Male,53,Silver,4,817.92,0,56,3,0.29,West
3413,Female,62,Basic,2,493.73,1,24,2,0.96,East
3414,Female,44,Silver,2,638.4,0,25,4,0.22,West
3415,Male,22,Gold,2,306.09,0,10,3,0.61,South
3416,Male,19,Silver,6,556.04,1,36,5,0.43,West
3417,Female,50,Basic,7,858.84,0,82,3,0.45,West
3418,Female,33,Basic,3,827.82,1,45,3,0.11,West
3419,Female,40,Silver,3,712.4,0,17,5,0.26,North
3420,Male,55,Gold,4,866.87,0,78,4,0.17,West
3421,Male,33,Basic,6,560.76,0,58,3,0.75,East
3422,Male,31,Basic,3,590.19,1,83,5,0.7,West
3423,Male,46,Silver,6,558.05,0,82,4,0.79,West
3424,Male,43,Silver,7,698.18,1,23,4,0.7,West
3425,Male,52,Basic,2,1037.96,1,8,5,0.13,South
3426,Female,32,Gold,3,655.0,1,50,2,0.98,South
3427,Female,20,Basic,3,428.85,1,16,3,0.19,East
3428,Male,40,Gold,0,434.54,0,89,5,0.35,South
3429,Female,46,Silver,4,469.33,1,43,3,0.71,South
3430,Female,51,Silver,3,478.25,0,83,5,0.14,North
3431,Male,50,Basic,8,464.9,1,82,3,0.17,East
3432,Female,58,Gold,6,632.85,0,46,3,0.88,South
3433,Male,58,Basic,1,386.01,1,49,3,0.33,North
3434,Male,40,Basic,7,673.49,1,15,4,0.67,South
3435,Female,24,Silver,9,748.19,1,49,3,0.86,North
3436,Male,20,Gold,2,506.84,0,21,1,0.97,South
3437,Male,49,Basic,6,651.71,1,75,5,0.21,South
3438,Male,48,Basic,1,699.84,0,6,5,0.12,South
3439,Male,35,Gold,2,731.75,1,55,3,0.74,South
3440,Male,60,Gold,2,616.53,0,83,4,0.19,West
3441,Male,24,Basic,4,457.84,1,80,4,0.58,South
3442,Male,58,Silver,2,616.17,0,76,5,0.53,East
3443,Male,18,Silver,4,576.52,1,15,4,0.56,West
3444,Female,31,Silver,5,620.98,0,11,5,0.65,East
3445,Female,49,Gold,5,451.28,1,39,5,0.85,West
3446,Female,23,Basic,5,372.31,0,74,4,0.27,West
3447,Male,56,Gold,4,297.6,1,51,3,0.56,East
3448,Male,27,Silver,5,336.9,0,37,4,0.34,North
3449,Female,24,Silver,3,326.64,1,49,5,0.32,East
3450,Female,43,Silver,2,753.69,0,57,4,0.02,South
3451,Female,51,Platinum,3,637.67,0,88,5,0.6,South
3452,Male,47,Basic,8,605.98,1,65,5,0.97,East
3453,Female,53,Basic,8,548.58,1,17,3,0.76,North
3454,Female,38,Basic,5,313.0,1,63,3,0.24,West
3455,Male,34,Platinum,3,657.75,0,14,4,0.72,West
3456,Female,50,Gold,8,633.96,1,38,2,0.3,South
3457,Male,27,Silver,5,606.87,1,25,4,0.75,North
3458,Male,64,Basic,5,484.79,0,37,2,0.85,West
3459,Male,59,Gold,5,496.18,0,86,5,0.33,West
3460,Female,29,Gold,2,678.47,0,56,5,0.0,South
3461,Female,33,Silver,6,484.88,0,7,2,0.31,North
3462,Male,58,Basic,5,759.43,0,11,4,0.21,West
3463,Female,49,Basic,2,839.93,1,74,4,0.62,North
3464,Female,32,Silver,2,767.83,0,78,5,0.29,North
3465,Female,44,Gold,5,614.29,1,35,4,0.04,South
3466,Female,45,Basic,4,586.05,0,36,3,0.53,West
3467,Male,34,Silver,2,614.75,0,70,3,0.87,South
3468,Female,63,Basic,5,701.91,0,52,3,0.45,East
3469,Male,19,Gold,2,818.24,1,69,5,0.38,West
3470,Male,53,Silver,2,682.98,0,42,4,0.18,North
3471,Female,24,Basic,8,345.15,0,71,5,0.39,North
3472,Male,30,Silver,1,460.86,0,15,3,0.33,West
3473,Female,32,Basic,0,577.31,0,21,4,0.99,South
3474,Female,42,Basic,7,747.92,1,82,5,0.03,North
3475,Male,40,Gold,5,943.75,1,1,5,0.24,West
3476,Male,39,Basic,6,610.83,0,68,3,0.07,North
3477,Male,43,Basic,2,700.21,0,11,3,0.86,South
3478,Male,50,Basic,1,367.86,1,10,2,0.42,West
3479,Female,28,Basic,5,494.47,0,45,5,0.8,South
3480,Female,27,Basic,4,653.32,1,56,5,0.69,South
3481,Female,42,Basic,4,292.14,0,19,2,0.93,West
3482,Male,54,Silver,6,636.95,0,42,3,0.02,South
3483,Male,60,Basic,4,543.17,0,41,3,0.21,South
3484,Male,55,Gold,5,606.81,1,20,4,0.7,South
3485,Female,58,Basic,3,492.76,0,27,4,0.59,North
3486,Male,62,Basic,2,678.48,0,12,5,0.69,South
3487,Female,41,Basic,1,758.76,0,78,5,0.58,East
3488,Male,57,Gold,5,711.85,0,64,2,0.58,North
3489,Female,63,Silver,3,707.3,0,38,3,0.93,East
3490,Female,50,Gold,1,685.37,0,66,3,0.92,South
3491,Male,34,Basic,3,597.41,1,58,3,0.04,South
3492,Male,41,Gold,5,534.3,0,82,5,0.41,North
3493,Female,54,Basic,8,738.58,0,85,3,0.51,South
3494,Female,19,Basic,2,467.29,1,11,4,0.36,North
3495,Male,49,Silver,5,675.11,1,30,4,0.05,West
3496,Male,41,Basic,5,671.11,1,64,3,0.47,North
3497,Female,26,Platinum,2,442.51,1,83,3,0.98,South
3498,Male,21,Basic,8,458.38,1,48,5,0.07,North
3499,Female,34,Platinum,2,676.55,0,40,5,0.82,North
3500,Female,34,Silver,3,631.63,1,68,1,0.2,North
3501,Male,47,Silver,2,653.9,0,21,4,0.58,South
3502,Male,57,Basic,4,567.73,0,5,4,0.39,North
3503,Male,28,Basic,3,829.84,0,36,4,0.35,East
3504,Male,38,Platinum,8,688.35,1,7,4,0.87,West
3505,Male,38,Basic,3,801.7,1,60,5,0.97,West
3506,Female,35,Silver,5,560.49,1,56,2,0.39,West
3507,Female,46,Platinum,4,749.8,0,31,3,0.64,North
3508,Male,41,Basic,3,552.7,0,84,5,0.56,North
3509,Male,27,Silver,0,550.62,1,25,5,0.08,West
3510,Male,62,Silver,4,416.56,1,56,3,0.04,West
3511,Female,34,Basic,5,668.23,0,89,4,0.77,South
3512,Male,35,Basic,6,446.45,0,81,3,0.39,North
3513,Male,59,Silver,4,507.5,1,79,5,0.31,South
3514,Female,37,Basic,3,396.94,0,74,4,0.99,North
3515,Female,54,Gold,3,315.5,0,34,3,0.09,West
3516,Male,62,Basic,6,587.57,1,44,4,0.27,East
3517,Male,35,Platinum,3,492.93,0,7,4,0.86,South
3518,Male,34,Basic,6,649.55,0,51,3,0.41,East
3519,Female,26,Silver,10,592.3,1,25,5,0.58,North
3520,Male,31,Silver,5,756.78,1,28,2,0.05,East
3521,Male,46,Basic,2,888.95,0,42,4,0.92,West
3522,Male,48,Basic,2,772.27,0,27,4,0.14,North
3523,Female,21,Gold,2,604.51,0,37,5,0.21,West
3524,Female,35,Gold,2,700.93,0,55,3,0.16,North
3525,Male,37,Basic,6,796.96,1,38,4,0.5,North
3526,Male,64,Silver,3,524.53,0,56,1,0.82,North
3527,Female,60,Basic,4,734.26,1,34,5,0.27,West
3528,Female,61,Basic,1,795.96,1,29,3,0.14,North
3529,Female,26,Silver,5,612.35,0,48,4,0.41,North
3530,Female,30,Gold,2,670.3,0,72,4,0.98,South
3531,Female,32,Basic,5,906.87,1,77,2,0.01,West
3532,Female,44,Platinum,5,506.25,1,46,3,0.5,North
3533,Female,32,Basic,3,559.63,0,37,3,0.67,North
3534,Female,45,Silver,3,683.4,0,3,5,0.81,North
3535,Female,54,Silver,5,467.09,1,78,4,0.75,East
3536,Male,36,Silver,5,588.97,0,87,5,0.07,East
3537,Male,43,Silver,6,417.17,0,87,1,0.46,South
3538,Male,43,Basic,4,316.05,0,77,1,0.08,East
3539,Female,42,Gold,3,636.05,1,50,5,0.62,South
3540,Male,43,Gold,5,400.01,0,21,4,0.08,North
3541,Female,43,Basic,0,461.76,0,48,5,0.05,West
3542,Female,63,Gold,4,753.58,0,58,5,0.31,North
3543,Male,45,Basic,5,625.47,1,31,5,0.94,West
3544,Female,35,Gold,6,594.46,0,7,2,0.71,South
3545,Male,49,Basic,2,544.18,1,57,3,0.0,West
3546,Male,20,Basic,7,830.81,0,36,3,0.28,South
3547,Male,19,Basic,5,935.77,1,83,5,0.02,South
3548,Female,50,Silver,6,690.98,1,86,3,0.29,West
3549,Male,59,Silver,4,205.12,0,24,4,0.69,North
3550,Female,36,Basic,4,594.82,0,24,5,0.76,East
3551,Male,34,Basic,5,441.52,0,56,4,0.8,North
3552,Male,61,Basic,2,532.66,0,85,2,0.91,South
3553,Male,50,Silver,4,672.16,1,61,3,0.37,North
3554,Female,29,Silver,3,615.86,0,77,2,0.86,North
3555,Female,20,Basic,4,394.45,1,70,4,0.73,North
3556,Female,60,Basic,6,496.16,0,28,3,0.54,East
3557,Male,43,Gold,5,772.22,0,32,1,0.95,West
3558,Male,52,Basic,1,838.4,0,77,5,0.95,East
3559,Female,25,Basic,1,804.75,0,78,5,0.9,North
3560,Female,53,Basic,3,397.34,0,45,5,0.2,West
3561,Female,24,Silver,4,547.22,0,69,3,0.21,North
3562,Female,63,Silver,4,490.86,0,68,5,0.9,South
3563,Female,63,Silver,3,700.0,1,78,4,0.4,North
3564,Female,53,Basic,3,555.84,1,18,5,0.8,West
3565,Male,33,Gold,4,447.87,1,75,5,0.69,East
3566,Female,41,Basic,2,821.9,1,83,5,0.76,East
3567,Male,18,Gold,3,513.27,1,2,3,0.03,North
3568,Male,42,Silver,6,751.67,0,3,5,0.43,East
3569,Female,27,Silver,6,508.48,0,29,4,0.86,West
3570,Female,33,Basic,6,718.08,0,87,3,0.49,East
3571,Male,33,Basic,2,551.47,0,48,3,0.69,East
3572,Female,25,Silver,4,444.06,1,65,3,0.76,North
3573,Female,46,Silver,3,772.75,0,42,5,0.12,West
3574,Male,56,Basic,10,493.88,1,6,5,0.16,West
3575,Male,45,Platinum,4,616.44,0,59,4,0.72,South
3576,Male,23,Platinum,1,405.1,1,81,4,0.05,East
3577,Female,33,Silver,4,393.28,1,19,3,0.34,West
3578,Male,37,Platinum,3,830.77,0,52,5,0.92,South
3579,Female,33,Basic,5,620.97,0,61,1,0.57,North
3580,Male,24,Basic,4,584.13,1,2,4,0.91,South
3581,Male,58,Basic,2,536.6,1,79,5,0.31,South
3582,Male,31,Silver,5,483.3,1,23,4,0.64,West
3583,Female,60,Basic,6,687.45,1,19,4,0.29,South
3584,Female,43,Platinum,5,813.06,0,70,2,0.11,North
3585,Male,43,Basic,3,722.63,0,50,3,0.99,West
3586,Male,31,Basic,4,691.6,1,61,4,0.18,West
3587,Male,24,Gold,8,552.92,0,19,1,0.19,West
3588,Female,50,Basic,2,695.25,0,22,3,0.84,West
3589,Male,43,Basic,4,892.34,0,3,3,0.8,North
3590,Female,62,Silver,4,560.11,1,5,4,0.98,North
3591,Male,37,Basic,2,653.87,1,67,3,0.07,North
3592,Male,20,Basic,0,804.04,0,60,4,0.09,East
3593,Male,21,Basic,4,892.54,0,39,4,0.45,North
3594,Male,43,Silver,6,620.97,0,28,2,0.59,South
3595,Male,28,Platinum,1,727.23,1,1,3,0.04,West
3596,Male,19,Gold,5,561.88,1,22,5,0.16,South
3597,Female,31,Basic,6,648.66,0,45,4,0.7,North
3598,Male,61,Basic,5,563.53,0,51,3,0.67,East
3599,Female,47,Silver,5,776.24,1,81,3,0.09,East
3600,Male,29,Platinum,6,851.45,0,51,3,0.93,West
3601,Male,43,Basic,4,419.05,0,28,3,0.25,North
3602,Female,61,Basic,2,584.25,0,30,4,0.89,East
3603,Male,50,Gold,4,518.83,1,8,3,0.92,South
3604,Female,30,Platinum,2,552.16,0,41,4,0.49,East
3605,Female,31,Basic,3,563.71,1,25,2,0.41,West
3606,Male,41,Basic,5,469.8,0,59,3,0.28,East
3607,Female,51,Basic,2,641.89,0,77,3,0.81,North
3608,Female,61,Basic,7,425.2,0,34,3,0.2,South
3609,Male,43,Silver,7,732.42,1,39,5,0.62,West
3610,Female,38,Silver,2,644.07,1,71,1,0.57,West
3611,Male,45,Silver,7,440.83,0,86,5,0.25,East
3612,Male,53,Basic,5,432.89,0,46,5,0.98,West
3613,Male,57,Basic,8,717.3,0,38,4,0.85,East
3614,Male,19,Basic,1,494.43,0,33,4,0.02,South
3615,Female,59,Basic,5,832.1,1,22,5,0.42,East
3616,Male,26,Gold,5,281.48,1,27,3,0.36,West
3617,Male,40,Basic,3,442.18,0,63,3,0.88,South
3618,Female,32,Basic,4,542.34,1,27,2,0.26,East
3619,Male,30,Basic,4,595.31,1,21,4,1.0,West
3620,Male,40,Silver,7,699.52,0,53,3,0.2,West
3621,Female,34,Silver,4,569.71,0,35,5,0.24,North
3622,Female,19,Gold,3,551.82,0,47,3,0.67,East
3623,Female,37,Basic,3,499.04,0,50,5,0.16,East
3624,Female,37,Gold,3,481.31,0,10,3,0.89,East
3625,Female,63,Basic,3,493.06,1,28,4,0.11,South
3626,Female,20,Basic,8,588.33,0,37,4,0.98,South
3627,Female,29,Platinum,2,323.06,0,41,3,0.87,North
3628,Male,57,Basic,4,680.5,1,61,5,0.84,North
3629,Female,19,Silver,3,610.41,1,51,3,0.41,North
3630,Female,53,Basic,7,582.39,1,8,3,0.51,West
3631,Female,31,Silver,2,770.67,1,58,5,0.46,West
3632,Male,33,Gold,4,689.24,0,61,3,0.99,North
3633,Male,36,Gold,4,619.14,0,33,3,0.03,West
3634,Female,51,Gold,5,698.04,1,19,3,0.38,North
3635,Female,61,Silver,4,506.61,1,30,4,0.97,South
3636,Female,63,Basic,8,689.02,0,78,4,0.37,West
3637,Male,23,Silver,2,723.15,0,14,4,0.4,West
3638,Male,30,Gold,5,232.94,0,36,4,0.63,North
3639,Female,53,Basic,2,865.49,1,7,2,0.91,East
3640,Male,39,Silver,6,650.11,1,34,3,0.29,North
3641,Female,35,Gold,2,691.59,1,50,4,0.95,West
3642,Male,29,Silver,4,762.45,0,32,4,0.28,West
3643,Male,47,Basic,7,579.48,0,42,2,0.82,North
3644,Female,57,Gold,7,537.57,0,33,3,0.28,North
3645,Female,24,Basic,6,644.96,0,14,5,0.07,North
3646,Female,49,Basic,4,1013.91,1,89,5,0.81,West
3647,Female,36,Silver,3,584.91,0,28,4,0.45,West
3648,Male,23,Basic,1,503.89,0,39,2,0.39,West
3649,Male,37,Gold,6,801.32,1,31,4,0.43,South
3650,Male,44,Basic,2,286.95,0,24,1,0.61,North
3651,Female,60,Basic,2,583.6,1,4,4,0.26,South
3652,Male,54,Basic,3,504.62,0,78,4,0.24,North
3653,Female,24,Platinum,5,694.33,1,9,4,0.48,South
3654,Male,22,Silver,4,620.43,1,70,1,0.04,North
3655,Female,28,Basic,1,434.97,0,24,4,0.64,East
3656,Female,32,Basic,3,697.07,0,65,5,0.82,South
3657,Male,20,Basic,6,476.91,0,87,4,0.73,West
3658,Female,22,Silver,4,592.89,0,17,4,0.47,West
3659,Female,40,Basic,8,535.93,0,37,2,0.57,South
3660,Male,54,Silver,5,722.19,1,50,4,0.03,North
3661,Female,26,Silver,5,531.17,0,45,4,0.91,South
3662,Female,32,Gold,1,136.33,0,20,3,0.56,West
3663,Female,20,Silver,6,432.72,0,59,4,0.32,West
3664,Male,46,Silver,4,609.48,1,59,4,0.29,West
3665,Male,23,Basic,3,501.06,1,11,4,0.66,South
3666,Female,34,Gold,2,778.83,0,55,3,0.58,South
3667,Male,43,Gold,6,446.87,0,84,3,0.19,East
3668,Female,38,Basic,9,686.51,0,65,5,0.41,North
3669,Female,25,Platinum,3,721.19,0,77,3,0.68,East
3670,Female,38,Basic,6,626.42,0,58,2,0.3,West
3671,Female,28,Basic,4,661.35,0,44,5,0.51,East
3672,Female,55,Basic,6,579.78,1,77,3,0.25,West
3673,Male,25,Platinum,5,641.33,0,14,3,0.07,North
3674,Female,59,Silver,4,527.09,1,76,3,0.39,East
3675,Male,41,Gold,4,633.95,0,52,5,0.73,West
3676,Male,52,Basic,1,556.83,1,34,3,0.21,East
3677,Female,31,Silver,4,556.79,1,63,4,0.75,South
3678,Female,31,Basic,3,500.24,1,27,4,0.67,South
3679,Male,27,Gold,5,567.46,1,12,1,0.51,North
3680,Male,29,Basic,4,826.32,0,38,3,0.97,North
3681,Male,55,Basic,1,563.8,0,56,3,0.88,East
3682,Female,61,Basic,5,741.0,1,65,5,0.56,North
3683,Male,63,Gold,4,678.58,1,40,5,0.56,North
3684,Female,51,Silver,5,637.04,0,21,5,0.28,South
3685,Female,58,Silver,6,642.88,1,32,3,0.92,East
3686,Female,27,Silver,0,603.16,1,89,3,0.9,South
3687,Male,34,Platinum,4,512.69,0,12,4,0.74,South
3688,Female,34,Gold,4,857.71,0,89,4,0.13,South
3689,Female,20,Gold,3,758.7,0,26,4,0.7,East
3690,Female,48,Basic,5,606.46,0,36,5,0.25,East
3691,Female,18,Basic,4,610.37,1,16,5,0.19,East
3692,Female,29,Platinum,1,684.88,0,78,1,0.76,South
3693,Male,56,Silver,5,441.29,0,34,5,0.96,North
3694,Female,21,Basic,6,482.58,1,24,4,0.11,East
3695,Female,59,Silver,3,318.47,1,72,4,0.16,North
3696,Male,30,Platinum,2,568.27,0,39,4,0.22,South
3697,Female,51,Basic,4,778.73,0,64,5,0.96,West
3698,Male,59,Silver,9,557.7,1,77,4,0.7,East
3699,Female,38,Gold,8,928.62,0,29,3,0.68,North
3700,Male,39,Silver,4,534.66,0,31,3,0.51,East
3701,Male,21,Basic,3,626.7,1,63,5,0.54,South
3702,Female,35,Platinum,4,558.25,0,43,5,0.29,East
3703,Female,22,Platinum,2,264.15,0,19,3,0.15,South
3704,Female,36,Gold,10,558.71,0,10,4,0.78,West
3705,Male,19,Silver,3,473.81,0,56,3,0.47,South
3706,Male,29,Basic,8,635.19,1,60,3,0.26,West
3707,Male,34,Platinum,1,791.37,0,43,4,0.63,West
3708,Female,27,Basic,5,547.07,0,48,3,0.21,West
3709,Male,51,Gold,7,655.71,1,40,1,0.49,North
3710,Male,23,Platinum,6,567.99,1,34,5,0.19,South
3711,Female,25,Silver,4,734.61,1,1,5,0.76,West
3712,Male,28,Gold,8,942.1,0,19,4,0.32,South
3713,Male,29,Gold,6,822.74,0,1,3,0.44,East
3714,Female,26,Basic,4,507.56,0,88,3,0.75,South
3715,Male,19,Silver,3,807.15,0,25,2,0.66,South
3716,Female,25,Basic,5,645.03,0,68,3,0.4,South
3717,Female,28,Silver,2,784.77,1,88,5,0.07,South
3718,Female,53,Basic,2,446.05,1,84,4,0.92,North
3719,Female,27,Silver,3,586.7,0,28,2,0.01,West
3720,Female,38,Gold,4,626.8,0,45,3,0.73,West
3721,Male,37,Platinum,4,591.91,0,24,5,0.95,West
3722,Male,25,Basic,6,643.48,0,44,4,0.31,East
3723,Female,53,Silver,3,583.51,0,2,4,0.08,East
3724,Female,46,Silver,5,546.54,0,23,4,0.25,South
3725,Male,59,Platinum,4,531.4,1,78,2,0.31,North
3726,Female,29,Silver,4,477.19,0,62,5,0.45,North
3727,Female,31,Silver,2,646.25,0,15,2,0.53,South
3728,Female,38,Platinum,6,578.62,1,32,4,0.73,South
3729,Male,39,Basic,8,519.07,0,87,2,0.9,West
3730,Male,38,Platinum,5,375.18,1,4,3,0.46,East
3731,Female,61,Platinum,4,680.78,0,84,5,0.75,East
3732,Female,47,Platinum,8,701.35,0,31,5,0.13,East
3733,Male,56,Basic,4,459.36,0,59,3,0.33,East
3734,Male,37,Silver,3,615.45,1,71,4,0.12,South
3735,Female,41,Gold,3,518.23,0,1,3,0.69,South
3736,Female,40,Basic,1,707.74,0,69,5,0.91,East
3737,Male,24,Silver,7,525.65,0,14,4,0.89,West
3738,Male,26,Basic,2,526.27,0,23,3,0.33,West
3739,Male,18,Basic,4,619.65,0,71,3,0.23,West
3740,Female,43,Silver,6,536.99,1,16,3,0.27,East
3741,Male,55,Silver,5,526.71,0,9,5,0.29,West
3742,Female,55,Basic,2,507.79,0,31,3,0.08,South
3743,Male,61,Silver,3,533.66,0,61,3,0.13,East
3744,Male,39,Silver,3,543.76,0,45,5,0.21,West
3745,Male,61,Silver,8,601.93,1,7,3,0.01,South
3746,Male,27,Silver,6,575.71,0,57,3,0.05,East
3747,Female,23,Silver,2,674.19,0,64,3,0.7,South
3748,Female,34,Silver,2,426.98,1,2,3,0.62,West
3749,Male,55,Basic,5,913.38,0,6,4,0.95,North
3750,Female,41,Silver,3,603.32,1,61,4,0.4,West
3751,Male,27,Silver,5,745.7,0,34,2,0.44,South
3752,Male,25,Silver,4,672.44,0,17,2,0.07,North
3753,Male,38,Basic,3,618.1,0,26,3,0.15,North
3754,Male,23,Gold,2,667.68,0,76,2,0.69,East
3755,Female,38,Basic,5,650.94,1,20,2,0.24,North
3756,Male,56,Platinum,4,573.65,1,41,3,0.77,East
3757,Male,41,Basic,5,959.06,0,58,3,0.71,North
3758,Female,50,Platinum,2,767.21,0,54,5,0.75,North
3759,Male,35,Silver,3,360.86,0,29,3,0.69,East
3760,Male,45,Silver,3,757.64,0,48,4,0.71,South
3761,Male,49,Basic,3,610.62,1,77,2,0.55,East
3762,Female,29,Basic,9,845.5,0,22,4,0.68,North
3763,Male,59,Basic,4,551.05,0,72,5,0.53,West
3764,Female,44,Basic,6,249.66,0,71,4,0.21,East
3765,Male,27,Silver,2,547.32,0,5,3,0.22,East
3766,Male,63,Basic,4,359.69,0,52,3,0.41,North
3767,Female,59,Gold,2,497.89,0,1,5,0.01,North
3768,Male,49,Basic,8,514.39,1,45,3,0.89,West
3769,Male,59,Platinum,3,656.65,0,40,3,0.27,North
3770,Female,43,Silver,2,638.23,0,64,5,0.05,East
3771,Female,42,Basic,1,696.01,0,11,4,0.42,East
3772,Female,28,Silver,3,683.2,1,52,5,0.82,East
3773,Female,40,Basic,1,891.2,0,7,1,0.4,South
3774,Female,51,Basic,5,600.24,0,51,3,0.26,East
3775,Male,57,Silver,4,677.13,1,21,4,0.54,South
3776,Female,40,Silver,2,732.69,0,39,4,0.57,North
3777,Male,46,Platinum,6,503.12,1,44,3,0.76,South
3778,Male,48,Silver,3,410.38,1,57,4,0.8,East
3779,Male,24,Platinum,6,655.26,1,41,4,0.71,North
3780,Female,57,Platinum,5,540.07,1,39,3,0.0,South
3781,Female,50,Gold,3,717.03,1,20,4,0.0,North
3782,Male,38,Silver,6,710.15,0,22,3,0.98,North
3783,Female,19,Basic,8,748.37,0,29,4,0.26,South
3784,Female,35,Basic,4,482.12,1,46,2,0.28,North
3785,Female,64,Silver,5,513.83,1,68,4,0.73,North
3786,Female,50,Silver,4,616.05,1,3,3,0.58,East
3787,Male,54,Basic,1,573.28,1,73,5,0.46,West
3788,Male,51,Silver,5,668.49,0,5,4,0.12,West
3789,Female,37,Basic,4,804.02,1,56,4,0.08,North
3790,Male,52,Gold,3,585.04,1,67,5,0.7,South
3791,Female,35,Basic,4,396.67,1,89,3,0.12,West
3792,Female,63,Silver,4,306.97,0,32,4,0.44,South
3793,Male,41,Gold,2,406.2,1,82,3,0.74,West
3794,Male,25,Basic,3,401.26,0,41,5,0.92,East
3795,Male,47,Silver,9,700.08,0,29,5,0.87,East
3796,Female,61,Gold,5,592.81,0,66,5,0.86,South
3797,Male,27,Basic,4,611.21,1,11,3,0.36,South
3798,Female,40,Basic,2,708.25,1,59,3,0.93,East
3799,Male,28,Basic,5,804.44,0,4,1,0.68,South
3800,Male,19,Silver,5,570.78,0,54,4,0.89,North
3801,Female,43,Silver,4,711.41,1,67,3,0.09,East
3802,Female,53,Basic,4,652.83,1,2,3,0.04,East
3803,Female,50,Silver,13,366.4,0,78,4,0.43,East
3804,Female,64,Basic,1,377.35,1,48,5,0.83,East
3805,Female,30,Gold,6,549.03,0,68,2,0.41,North
3806,Female,57,Basic,4,629.54,1,44,5,0.88,East
3807,Female,42,Gold,3,672.09,1,62,1,0.23,East
3808,Female,21,Silver,5,570.35,0,83,2,0.04,South
3809,Male,59,Gold,10,345.57,0,19,5,0.76,East
3810,Female,36,Silver,3,544.83,0,44,4,0.63,West
3811,Female,35,Silver,3,324.36,0,31,5,0.44,South
3812,Male,54,Basic,5,569.3,1,62,4,0.85,South
3813,Female,47,Gold,5,684.07,0,15,5,0.82,West
3814,Male,36,Silver,4,664.33,1,29,3,0.32,South
3815,Male,40,Silver,2,524.66,1,67,4,0.84,North
3816,Female,33,Silver,4,660.68,1,83,5,0.35,East
3817,Male,18,Gold,3,432.03,1,86,3,0.62,East
3818,Female,29,Silver,4,503.72,0,47,1,0.19,South
3819,Male,41,Basic,3,351.49,0,84,2,0.26,East
3820,Male,51,Silver,2,520.3,0,7,5,0.45,South
3821,Male,25,Silver,4,483.7,1,68,4,0.31,East
3822,Female,35,Platinum,8,538.67,1,1,4,0.13,South
3823,Female,22,Gold,5,559.24,0,71,5,0.48,South
3824,Male,43,Silver,2,637.4,0,22,5,0.51,South
3825,Male,47,Basic,4,305.46,1,57,4,0.16,North
3826,Female,30,Gold,4,471.01,0,73,5,0.17,South
3827,Female,36,Silver,0,746.76,0,58,4,0.03,North
3828,Male,46,Platinum,2,749.34,0,27,4,0.03,North
3829,Male,20,Basic,2,608.36,1,38,1,0.36,West
3830,Female,43,Basic,6,611.59,1,87,2,0.15,South
3831,Female,57,Basic,2,430.91,0,76,5,0.92,North
3832,Female,29,Silver,2,543.99,1,13,3,0.2,West
3833,Female,19,Platinum,2,723.32,1,15,3,0.07,East
3834,Female,28,Basic,7,413.32,1,80,4,0.4,North
3835,Male,61,Gold,4,621.7,0,73,4,0.19,North
3836,Female,45,Silver,5,683.54,0,48,2,0.06,North
3837,Male,35,Gold,2,607.1,0,15,5,0.75,West
3838,Female,30,Basic,1,577.68,0,40,4,0.56,West
3839,Male,54,Gold,5,576.13,0,30,5,0.06,North
3840,Female,39,Basic,3,675.09,0,23,4,0.47,South
3841,Female,29,Gold,2,629.19,1,9,3,0.04,West
3842,Male,19,Basic,4,674.17,0,32,3,0.35,West
3843,Male,54,Silver,4,544.97,0,35,1,0.36,East
3844,Female,24,Gold,3,551.88,0,49,1,0.82,East
3845,Female,43,Basic,5,682.34,1,45,2,0.74,North
3846,Female,43,Basic,2,466.22,0,16,5,0.9,East
3847,Female,41,Silver,1,430.7,0,32,5,0.14,South
3848,Female,29,Silver,3,940.92,0,25,4,0.53,North
3849,Male,33,Silver,5,663.41,0,37,3,0.02,North
3850,Male,40,Basic,3,563.15,0,37,2,0.83,West
3851,Female,57,Basic,4,495.81,0,35,3,0.37,North
3852,Male,26,Silver,7,462.17,0,45,5,0.07,East
3853,Male,49,Basic,6,592.78,0,8,4,0.32,North
3854,Male,32,Platinum,5,585.69,1,47,5,0.29,North
3855,Female,54,Basic,2,665.82,0,36,4,0.77,East
3856,Male,30,Silver,4,405.12,0,89,4,0.13,West
3857,Female,22,Basic,4,411.23,0,82,4,0.56,South
3858,Male,28,Basic,3,639.0,0,10,1,0.79,East
3859,Female,27,Silver,1,657.97,1,1,3,0.74,South
3860,Male,30,Silver,1,735.55,0,68,5,0.94,South
3861,Female,58,Basic,7,849.24,1,75,4,0.0,South
3862,Female,63,Basic,5,559.6,0,15,3,0.35,North
3863,Male,32,Basic,4,700.63,0,79,4,0.37,South
3864,Female,59,Gold,0,443.91,1,87,3,0.03,West
3865,Female,24,Silver,2,212.16,1,3,4,0.82,West
3866,Female,57,Basic,10,453.12,0,32,2,0.69,West
3867,Female,45,Silver,6,528.13,0,20,5,0.53,North
3868,Female,49,Gold,3,922.59,0,56,1,0.41,East
3869,Female,52,Gold,1,350.55,0,78,4,0.9,West
3870,Female,32,Platinum,2,711.16,1,42,3,0.26,South
3871,Female,53,Basic,5,511.27,0,73,2,0.33,North
3872,Male,38,Basic,6,674.65,0,60,4,0.95,North
3873,Male,23,Basic,9,606.35,1,56,5,0.06,West
3874,Female,18,Gold,4,462.79,0,47,4,0.78,South
3875,Female,21,Platinum,6,753.67,0,24,3,0.72,South
3876,Male,28,Silver,5,667.31,0,41,4,0.9,West
3877,Male,61,Basic,3,597.81,0,4,1,0.09,South
3878,Male,43,Silver,4,644.06,1,76,4,0.97,North
3879,Female,54,Basic,4,536.32,0,51,2,0.03,North
3880,Male,40,Basic,5,310.07,1,88,5,0.34,West
3881,Female,46,Silver,2,616.82,0,1,2,0.08,South
3882,Female,38,Basic,3,934.0,1,14,1,0.05,East
3883,Male,62,Basic,5,726.79,0,10,5,0.96,West
3884,Female,62,Silver,6,643.97,1,36,5,0.72,North
3885,Female,44,Basic,7,657.82,1,42,2,0.51,West
3886,Female,56,Basic,3,599.82,0,48,3,0.11,West
3887,Female,57,Basic,3,263.93,0,18,4,0.53,North
3888,Male,30,Gold,1,442.26,1,89,4,0.32,East
3889,Male,40,Gold,4,590.47,1,76,5,0.27,West
3890,Female,33,Basic,3,738.5,0,60,3,0.62,East
3891,Female,47,Silver,4,874.61,1,28,1,0.79,East
3892,Male,21,Basic,3,438.57,0,53,1,0.44,North
3893,Female,57,Silver,3,698.47,1,9,4,0.49,West
3894,Male,33,Gold,1,265.47,1,24,5,0.65,West
3895,Female,48,Gold,5,550.29,0,20,5,0.12,East
3896,Female,59,Silver,6,595.79,0,69,5,0.83,West
3897,Male,42,Platinum,6,852.79,0,27,3,0.84,East
3898,Male,61,Platinum,1,477.58,1,40,4,0.54,North
3899,Male,29,Gold,2,547.79,0,71,5,0.19,North
3900,Male,43,Silver,5,748.85,1,83,5,0.5,North
3901,Female,54,Basic,4,489.98,0,54,3,0.11,East
3902,Male,50,Basic,4,520.62,0,86,4,0.76,West
3903,Female,45,Basic,4,383.78,1,82,4,0.31,West
3904,Male,26,Basic,9,693.49,0,15,4,0.31,South
3905,Male,29,Gold,7,385.05,0,51,3,0.95,South
3906,Female,22,Silver,2,757.85,0,69,4,0.42,North
3907,Male,45,Platinum,10,412.77,0,40,4,0.79,West
3908,Male,52,Basic,2,486.4,0,69,3,0.64,East
3909,Male,22,Basic,8,424.14,0,43,3,0.32,East
3910,Male,51,Gold,7,557.56,1,64,3,0.12,East
3911,Female,63,Basic,6,761.49,1,7,4,0.8,West
3912,Female,51,Basic,4,495.22,0,2,4,0.76,West
3913,Male,30,Platinum,2,452.92,0,30,4,0.17,North
3914,Male,56,Gold,3,597.35,1,75,4,0.25,South
3915,Male,59,Silver,3,590.05,1,52,3,0.77,West
3916,Female,62,Gold,4,701.75,0,33,3,0.98,East
3917,Female,31,Silver,4,402.73,0,9,3,0.84,West
3918,Female,28,Gold,1,635.7,0,11,1,0.68,South
3919,Female,59,Gold,5,785.98,0,76,4,0.92,South
3920,Male,55,Basic,6,447.76,0,10,5,0.29,East
3921,Male,21,Silver,7,628.59,0,54,3,0.01,North
3922,Male,50,Basic,7,447.44,0,75,5,0.32,South
3923,Female,24,Basic,4,764.29,1,20,4,0.97,South
3924,Male,58,Platinum,6,853.83,0,5,3,0.88,South
3925,Female,25,Silver,5,421.39,0,24,1,0.05,South
3926,Female,54,Gold,5,643.74,0,32,4,0.5,South
3927,Male,27,Gold,4,653.57,0,31,4,0.08,West
3928,Male,60,Platinum,3,620.03,1,44,3,0.79,East
3929,Male,32,Gold,7,566.05,0,78,3,0.37,West
3930,Female,55,Silver,3,514.3,0,19,5,0.91,North
3931,Female,32,Basic,5,365.16,1,24,3,0.05,South
3932,Male,22,Basic,3,575.66,1,12,5,0.73,North
3933,Male,46,Silver,3,729.62,0,50,3,0.4,North
3934,Female,36,Basic,4,765.54,0,85,4,0.27,East
3935,Male,27,Silver,2,626.95,1,25,4,0.52,West
3936,Female,29,Silver,4,451.72,1,51,4,0.49,North
3937,Female,21,Platinum,4,407.92,1,14,3,0.35,North
3938,Male,48,Gold,6,507.27,1,72,3,0.65,North
3939,Male,35,Silver,2,313.48,0,29,4,0.66,North
3940,Male,33,Basic,10,221.56,0,25,3,0.08,South
3941,Male,57,Basic,4,398.23,0,87,4,0.6,East
3942,Female,53,Basic,4,646.79,0,59,5,0.71,East
3943,Female,42,Gold,3,354.23,0,57,5,0.08,East
3944,Female,40,Basic,3,649.34,0,12,3,0.66,North
3945,Male,29,Gold,6,475.96,0,50,4,0.8,North
3946,Female,51,Silver,4,780.42,0,12,4,0.83,South
3947,Male,53,Basic,3,509.88,1,82,3,0.04,North
3948,Male,54,Basic,2,530.72,0,48,3,0.7,West
3949,Male,20,Silver,3,487.45,0,50,3,0.8,West
3950,Male,26,Silver,3,490.59,0,19,4,0.4,North
3951,Male,35,Gold,4,613.19,0,53,5,0.54,West
3952,Male,60,Gold,5,643.03,1,35,5,0.27,West
3953,Female,52,Silver,4,593.14,1,27,4,0.31,East
3954,Male,51,Gold,2,409.03,0,67,4,0.5,North
3955,Female,58,Silver,2,661.01,0,77,5,0.15,East
3956,Female,31,Platinum,2,418.51,0,51,4,0.37,West
3957,Male,21,Basic,2,436.82,1,19,4,0.3,East
3958,Male,46,Gold,3,514.98,0,43,5,0.24,West
3959,Male,58,Basic,2,716.27,1,35,3,0.48,East
3960,Female,62,Basic,3,429.21,1,15,3,0.84,North
3961,Male,32,Basic,4,655.13,1,16,5,0.24,West
3962,Female,45,Silver,3,214.72,1,69,5,0.66,North
3963,Male,59,Basic,5,675.83,0,71,2,0.25,South
3964,Male,33,Basic,3,756.78,0,85,5,0.14,West
3965,Female,29,Platinum,3,691.16,1,41,3,0.94,East
3966,Female,22,Gold,3,592.45,1,54,4,0.63,South
3967,Male,51,Gold,7,495.65,1,65,2,0.1,North
3968,Female,59,Gold,3,458.82,1,89,5,0.63,North
3969,Female,18,Platinum,3,473.06,1,30,5,0.18,North
3970,Female,56,Silver,5,509.82,1,19,3,0.89,South
3971,Female,49,Basic,6,740.25,0,88,5,0.25,West
3972,Female,43,Gold,2,581.88,0,46,5,0.81,West
3973,Male,34,Gold,1,717.58,1,60,4,0.2,North
3974,Male,44,Silver,5,1056.49,0,79,5,0.56,North
3975,Female,41,Silver,5,847.9,0,24,5,0.91,North
3976,Male,52,Silver,9,597.66,1,36,3,0.3,South
3977,Male,63,Platinum,1,516.03,0,49,2,0.08,South
3978,Female,59,Basic,5,724.99,0,59,3,0.55,North
3979,Male,56,Platinum,2,724.76,0,14,4,0.17,East
3980,Female,43,Platinum,2,680.68,0,86,2,0.73,West
3981,Female,55,Silver,5,821.28,1,39,2,0.59,South
3982,Male,40,Silver,7,458.34,0,8,5,0.35,West
3983,Female,39,Basic,4,642.96,1,48,4,0.71,South
3984,Female,21,Basic,3,594.45,0,80,5,0.24,East
3985,Female,26,Basic,3,702.32,0,81,5,0.92,South
3986,Female,21,Gold,3,530.87,0,69,3,0.35,West
3987,Female,24,Silver,4,655.24,0,41,4,0.76,East
3988,Male,40,Basic,4,331.8,1,35,3,0.26,East
3989,Male,19,Basic,6,597.04,0,64,4,0.71,East
3990,Female,41,Platinum,3,856.79,0,53,3,0.03,East
3991,Female,57,Basic,2,522.08,0,54,3,0.3,West
3992,Male,48,Platinum,4,584.74,1,37,2,0.09,East
3993,Female,64,Basic,3,760.41,1,52,4,0.45,West
3994,Male,48,Silver,7,670.65,1,18,5,0.44,South
3995,Female,64,Basic,3,343.28,0,21,2,0.36,West
3996,Female,57,Silver,5,578.94,0,42,4,0.98,North
3997,Female,60,Silver,3,657.5,0,65,4,0.24,East
3998,Female,51,Basic,5,805.03,1,81,4,0.79,West
3999,Female,41,Silver,3,776.88,1,8,5,0.45,South
4000,Female,43,Silver,5,590.36,0,84,3,0.33,North
4001,Female,33,Silver,5,695.3,0,39,1,0.2,North
4002,Male,64,Gold,5,588.27,0,61,3,0.63,South
4003,Male,30,Basic,4,524.51,0,60,4,0.33,North
4004,Male,32,Silver,2,764.38,1,69,3,0.81,North
4005,Female,44,Platinum,4,754.32,0,59,3,0.97,West
4006,Female,21,Gold,4,640.36,0,10,5,0.23,East
4007,Female,33,Platinum,6,502.02,0,63,3,0.13,West
4008,Female,47,Basic,3,595.98,1,70,3,0.32,East
4009,Female,61,Gold,6,605.83,1,7,5,0.47,West
4010,Female,47,Silver,4,738.35,0,35,4,0.3,South
4011,Female,53,Basic,6,554.18,0,42,4,0.97,East
4012,Male,20,Gold,6,604.25,0,85,3,0.78,North
4013,Female,39,Silver,6,628.05,0,88,4,0.97,North
4014,Male,39,Basic,2,559.56,0,29,4,0.37,West
4015,Male,29,Basic,6,638.43,0,27,5,0.3,East
4016,Female,38,Gold,2,616.72,1,38,4,0.41,South
4017,Female,21,Basic,4,477.62,0,2,5,0.52,South
4018,Male,48,Basic,7,516.62,0,25,2,0.74,East
4019,Male,61,Silver,6,388.73,0,66,1,0.88,South
4020,Female,48,Basic,5,489.16,0,38,4,0.46,West
4021,Female,40,Platinum,2,813.99,0,59,3,0.29,South
4022,Male,37,Silver,4,699.24,0,82,5,0.32,North
4023,Female,32,Silver,3,479.56,0,7,4,0.7,East
4024,Female,40,Platinum,5,571.25,1,49,4,0.57,East
4025,Female,45,Silver,2,469.55,0,68,5,0.49,North
4026,Male,33,Basic,6,708.92,1,41,4,0.2,North
4027,Male,54,Gold,3,637.77,1,74,4,0.88,East
4028,Male,38,Silver,4,702.35,0,51,4,0.78,East
4029,Female,32,Basic,2,552.66,0,24,4,0.14,North
4030,Female,34,Gold,5,750.12,0,36,5,0.37,South
4031,Male,54,Gold,4,421.25,0,80,5,0.54,West
4032,Male,30,Gold,2,511.06,0,10,3,0.45,North
4033,Male,36,Platinum,3,540.29,0,21,5,0.4,West
4034,Female,47,Gold,6,720.31,0,27,5,0.72,South
4035,Male,62,Gold,4,518.5,0,55,4,0.05,East
4036,Male,35,Gold,4,455.08,1,85,4,0.47,East
4037,Female,31,Basic,3,601.39,1,5,4,0.26,East
4038,Female,53,Basic,4,965.56,0,86,3,0.08,East
4039,Female,53,Gold,5,453.56,0,59,2,0.46,East
4040,Male,37,Silver,7,785.82,0,36,5,0.17,North
4041,Female,36,Basic,2,598.85,0,74,4,0.26,East
4042,Female,62,Basic,1,600.85,0,34,2,0.51,West
4043,Male,61,Basic,1,509.59,1,52,3,0.97,East
4044,Female,24,Silver,5,693.79,0,6,3,0.68,West
4045,Male,61,Gold,3,755.77,0,14,5,0.28,West
4046,Male,21,Platinum,4,825.75,1,59,4,0.38,East
4047,Female,51,Gold,2,642.85,0,57,4,0.41,East
4048,Female,19,Gold,3,496.21,0,37,3,0.15,South
4049,Female,22,Silver,1,868.11,0,58,5,0.16,East
4050,Female,27,Basic,5,532.06,1,83,5,0.15,West
4051,Female,49,Basic,7,484.17,1,32,5,0.52,South
4052,Female,59,Silver,5,643.38,0,20,4,0.67,West
4053,Male,58,Basic,7,455.43,0,85,5,0.59,South
4054,Male,30,Silver,2,525.08,0,79,3,0.98,West
4055,Female,56,Silver,5,693.98,0,81,2,0.13,East
4056,Male,22,Silver,5,1030.91,0,61,3,0.99,South
4057,Female,27,Platinum,3,684.82,1,57,3,0.47,West
4058,Male,27,Silver,5,777.73,1,52,3,0.22,East
4059,Male,55,Basic,3,523.94,0,88,4,0.94,South
4060,Male,44,Silver,7,640.06,1,85,3,0.47,North
4061,Female,38,Silver,4,312.31,0,48,5,0.35,East
4062,Male,25,Basic,2,400.13,1,79,3,0.21,West
4063,Female,18,Basic,7,623.47,0,11,5,0.27,East
4064,Male,45,Silver,7,653.06,1,30,3,0.98,West
4065,Male,56,Platinum,5,726.72,1,60,4,0.3,West
4066,Male,31,Silver,4,571.56,0,18,2,0.98,West
4067,Male,38,Platinum,4,826.34,0,77,4,0.33,West
4068,Male,47,Gold,1,682.55,0,74,5,0.23,South
4069,Female,38,Basic,5,328.02,0,47,4,0.18,North
4070,Female,26,Gold,3,328.3,0,12,3,0.41,East
4071,Male,34,Silver,5,619.29,0,50,3,0.24,West
4072,Male,22,Basic,7,564.42,0,40,3,0.7,South
4073,Male,48,Silver,1,633.23,0,64,2,0.24,South
4074,Male,57,Gold,2,549.59,0,19,5,0.84,West
4075,Female,55,Basic,5,509.94,1,87,3,0.83,East
4076,Male,60,Platinum,2,489.8,1,27,4,0.29,West
4077,Female,36,Gold,3,591.43,1,52,3,0.75,South
4078,Male,53,Platinum,5,725.95,0,80,3,0.86,East
4079,Female,50,Basic,3,438.57,1,7,5,0.59,North
4080,Male,30,Platinum,3,579.2,0,63,1,0.37,North
4081,Male,31,Basic,3,813.7,1,77,3,0.44,North
4082,Female,50,Basic,1,338.82,0,55,4,0.79,North
4083,Male,46,Gold,8,696.38,0,76,3,0.29,West
4084,Male,60,Gold,8,568.73,1,31,3,0.33,South
4085,Male,53,Silver,5,482.97,1,11,4,0.16,South
4086,Female,61,Silver,3,516.85,0,17,5,0.4,South
4087,Male,27,Basic,7,754.93,0,66,5,0.09,East
4088,Male,48,Silver,5,580.46,0,67,5,0.32,North
4089,Female,23,Silver,7,438.64,1,32,4,0.37,East
4090,Female,18,Silver,1,470.02,0,24,3,0.26,North
4091,Female,24,Silver,2,525.14,1,88,3,0.1,East
4092,Male,44,Platinum,3,730.18,1,13,5,0.52,South
4093,Male,38,Silver,6,524.61,1,22,3,0.87,South
4094,Male,45,Gold,1,596.28,1,19,3,0.34,South
4095,Female,33,Platinum,2,496.29,1,53,5,0.24,East
4096,Male,63,Silver,6,540.23,0,39,1,0.29,West
4097,Male,40,Basic,3,575.72,0,21,4,0.86,South
4098,Female,37,Basic,2,460.44,1,87,5,0.53,South
4099,Female,55,Gold,7,482.83,0,16,4,0.13,North
4100,Female,42,Basic,3,521.78,0,7,3,0.71,East
4101,Female,45,Silver,6,825.25,0,84,4,0.15,East
4102,Female,22,Basic,5,609.11,0,78,1,0.06,South
4103,Male,38,Basic,2,465.68,0,26,4,0.26,West
4104,Female,35,Silver,6,726.57,0,86,4,0.17,East
4105,Male,64,Platinum,1,734.55,0,76,5,0.6,West
4106,Male,23,Silver,3,462.57,1,31,3,0.48,West
4107,Female,46,Platinum,1,843.75,1,68,5,0.72,South
4108,Female,36,Platinum,4,657.48,0,40,4,0.51,West
4109,Female,50,Basic,5,662.97,0,27,4,0.42,East
4110,Male,18,Basic,4,654.16,0,9,3,0.53,West
4111,Female,62,Gold,4,650.65,1,76,3,0.43,North
4112,Female,20,Gold,2,582.7,0,16,4,0.04,East
4113,Female,59,Silver,3,697.44,0,72,5,0.68,South
4114,Female,38,Platinum,4,550.46,0,13,3,0.96,East
4115,Female,52,Basic,3,836.02,0,78,5,0.42,East
4116,Male,58,Basic,5,301.05,0,60,4,0.42,West
4117,Male,57,Silver,0,463.5,1,79,5,0.05,North
4118,Male,20,Silver,3,653.3,1,60,3,0.89,West
4119,Female,42,Basic,3,588.07,0,9,5,0.93,West
4120,Female,62,Basic,1,524.59,0,53,5,0.81,West
4121,Female,55,Basic,4,626.25,0,32,5,0.11,West
4122,Male,62,Silver,7,417.82,1,86,5,0.9,West
4123,Female,37,Gold,1,444.56,0,55,3,0.02,East
4124,Female,61,Gold,5,580.93,1,25,4,0.44,North
4125,Female,62,Silver,6,657.58,0,41,3,0.5,North
4126,Male,51,Silver,3,492.52,1,26,3,0.83,North
4127,Female,38,Silver,4,330.25,0,29,3,0.75,South
4128,Male,40,Basic,10,634.46,1,82,3,0.8,North
4129,Female,23,Basic,3,672.84,0,36,4,0.87,East
4130,Male,30,Basic,8,436.3,0,84,4,0.48,West
4131,Male,40,Gold,2,541.11,1,84,3,0.78,West
4132,Male,26,Platinum,4,736.48,0,3,4,0.07,East
4133,Female,34,Silver,6,426.18,0,59,3,0.44,West
4134,Female,19,Gold,4,595.12,1,34,3,0.03,West
4135,Male,36,Basic,5,500.26,0,6,4,0.92,North
4136,Male,36,Silver,4,927.67,1,31,3,0.96,North
4137,Female,24,Gold,4,415.94,0,32,4,0.08,North
4138,Female,59,Silver,5,326.36,0,42,3,0.53,South
4139,Male,59,Basic,7,690.94,0,57,4,0.33,North
4140,Female,37,Gold,2,551.15,1,73,3,0.34,North
4141,Female,26,Gold,8,445.42,0,46,3,0.45,North
4142,Female,34,Gold,3,526.25,0,88,3,0.13,North
4143,Female,44,Gold,3,827.39,0,56,5,0.18,North
4144,Male,64,Platinum,2,600.45,0,50,3,0.58,East
4145,Female,19,Basic,5,819.71,1,86,2,0.02,East
4146,Female,53,Basic,3,414.08,0,30,1,0.6,East
4147,Male,36,Basic,4,763.07,1,36,3,0.32,West
4148,Male,34,Basic,4,454.73,0,26,3,0.83,West
4149,Female,22,Silver,2,784.03,0,50,3,0.6,South
4150,Female,56,Silver,5,771.78,0,2,5,0.71,West
4151,Female,35,Silver,0,450.77,1,7,3,0.11,South
4152,Female,24,Basic,4,663.35,0,27,4,0.27,East
4153,Male,34,Platinum,4,631.03,1,80,5,1.0,North
4154,Male,56,Basic,1,740.42,0,49,1,0.43,North
4155,Male,53,Basic,2,430.11,1,46,4,0.36,South
4156,Female,57,Gold,2,539.02,1,85,3,0.87,South
4157,Female,62,Gold,3,607.2,0,26,5,0.03,North
4158,Female,21,Silver,2,825.7,0,82,5,0.53,South
4159,Female,55,Basic,4,608.96,1,65,3,0.21,North
4160,Male,42,Silver,3,454.36,0,2,3,0.37,East
4161,Male,22,Basic,1,648.16,0,78,3,0.2,South
4162,Female,47,Basic,2,447.73,0,79,5,0.04,East
4163,Male,29,Silver,5,347.05,0,64,3,0.42,South
4164,Female,21,Basic,3,575.75,0,64,5,0.79,East
4165,Female,41,Basic,3,641.67,0,88,5,0.95,East
4166,Male,46,Silver,0,628.92,0,60,3,0.62,West
4167,Female,26,Platinum,0,608.02,0,89,5,0.39,West
4168,Female,21,Platinum,4,867.85,0,9,1,0.77,South
4169,Male,41,Silver,7,832.7,0,15,4,0.51,South
4170,Female,31,Basic,4,476.36,0,37,3,0.37,East
4171,Female,22,Basic,5,741.5,1,6,3,0.18,East
4172,Male,35,Basic,3,939.29,1,43,4,0.8,North
4173,Female,59,Silver,3,863.74,1,45,4,0.5,West
4174,Male,36,Silver,5,751.19,0,76,4,0.96,East
4175,Female,29,Silver,4,579.9,0,71,4,0.8,South
4176,Male,35,Silver,5,404.32,1,28,5,0.42,North
4177,Male,34,Basic,2,455.79,1,52,5,0.74,West
4178,Male,47,Silver,5,679.25,0,76,4,0.45,North
4179,Female,41,Basic,6,644.16,1,35,3,0.08,East
4180,Male,28,Silver,3,610.3,0,66,2,0.52,North
4181,Male,52,Silver,2,736.51,1,26,2,0.87,South
4182,Male,40,Silver,3,775.49,1,20,4,0.86,South
4183,Male,34,Silver,4,775.28,0,89,4,0.57,East
4184,Male,18,Silver,3,710.45,0,62,4,0.38,North
4185,Female,32,Basic,9,677.6,0,85,5,0.01,East
4186,Female,49,Basic,4,521.02,0,1,3,0.31,West
4187,Female,26,Silver,4,612.81,0,53,4,0.99,East
4188,Female,32,Basic,4,653.94,1,77,5,0.73,East
4189,Female,45,Silver,3,591.99,1,30,3,0.72,West
4190,Female,41,Gold,2,361.41,1,60,4,0.76,North
4191,Female,52,Platinum,2,648.09,1,10,5,0.62,South
4192,Male,39,Platinum,3,591.35,0,22,4,0.59,South
4193,Female,44,Basic,2,579.28,1,29,5,0.45,North
4194,Male,36,Platinum,8,686.05,1,69,5,0.44,East
4195,Male,62,Silver,4,682.96,1,8,4,0.87,South
4196,Female,29,Silver,4,779.06,0,53,2,0.39,East
4197,Male,37,Basic,6,688.7,1,11,5,0.84,West
4198,Male,18,Gold,8,542.41,1,26,5,0.84,South
4199,Male,38,Basic,6,798.51,0,19,2,0.77,East
4200,Male,62,Gold,3,825.57,0,19,4,0.04,East
4201,Female,18,Basic,5,596.85,1,30,4,0.15,East
4202,Female,27,Silver,0,787.37,0,36,5,0.31,South
4203,Female,64,Silver,1,624.51,0,42,3,0.85,East
4204,Female,49,Basic,5,772.44,0,56,3,0.87,South
4205,Female,56,Basic,4,798.53,1,9,4,0.04,South
4206,Female,39,Silver,9,505.06,1,7,4,0.32,South
4207,Female,35,Basic,3,809.98,1,18,5,0.85,South
4208,Female,63,Silver,3,606.79,0,9,5,0.25,North
4209,Female,49,Silver,5,658.48,1,6,2,0.98,West
4210,Female,44,Gold,3,766.79,0,70,3,0.49,West
4211,Male,45,Silver,3,561.39,1,45,1,0.94,South
4212,Female,35,Basic,1,748.81,1,22,3,0.43,East
4213,Male,56,Basic,3,625.04,0,81,4,0.32,South
4214,Male,46,Basic,7,531.86,0,79,4,0.36,East
4215,Male,35,Platinum,1,696.51,0,73,2,0.88,North
4216,Male,61,Gold,5,787.89,0,70,3,0.33,West
4217,Female,25,Basic,4,615.83,1,87,3,0.67,South
4218,Male,48,Basic,4,447.96,0,81,4,0.47,North
4219,Female,51,Gold,3,551.67,0,32,4,0.94,South
4220,Female,24,Gold,2,493.99,1,67,3,0.16,South
4221,Male,53,Gold,4,941.27,0,16,2,0.43,North
4222,Female,35,Gold,3,468.89,1,2,5,0.12,East
4223,Male,55,Silver,5,258.77,1,67,5,0.58,East
4224,Male,26,Basic,6,542.27,0,41,3,0.4,East
4225,Female,26,Silver,3,627.95,1,51,3,0.06,South
4226,Female,63,Silver,3,604.94,1,14,2,0.85,East
4227,Male,25,Silver,5,626.98,1,78,3,0.38,East
4228,Female,52,Silver,1,408.04,0,49,5,0.49,South
4229,Female,35,Basic,1,609.25,0,49,3,0.41,North
4230,Female,22,Basic,5,451.42,0,27,4,0.49,West
4231,Male,31,Silver,2,735.79,0,81,5,0.02,East
4232,Male,45,Basic,1,428.51,1,39,4,0.82,North
4233,Female,47,Silver,6,587.06,0,73,4,0.33,South
4234,Female,21,Gold,3,480.82,0,36,3,0.72,South
4235,Female,56,Gold,5,742.87,0,10,3,0.06,East
4236,Female,37,Silver,3,529.47,0,4,5,0.52,East
4237,Female,42,Silver,4,442.46,0,85,2,0.91,North
4238,Male,45,Basic,6,758.17,0,2,2,0.4,East
4239,Female,29,Silver,3,301.05,1,79,2,0.2,North
4240,Male,19,Silver,3,703.83,0,28,3,0.1,South
4241,Female,60,Silver,5,650.53,0,89,4,0.86,North
4242,Male,31,Gold,7,978.37,0,26,5,0.24,South
4243,Female,39,Silver,5,697.6,0,73,5,0.98,East
4244,Male,48,Basic,1,675.09,1,30,4,0.25,West
4245,Female,40,Basic,2,472.26,1,9,2,0.48,North
4246,Male,37,Silver,4,567.09,0,1,3,0.46,West
4247,Male,55,Silver,1,639.32,1,56,2,0.06,North
4248,Male,21,Gold,3,813.31,1,56,2,0.53,North
4249,Male,32,Silver,3,484.64,0,76,4,0.67,West
4250,Male,41,Silver,5,324.25,0,61,5,0.74,West
4251,Male,42,Silver,10,610.85,0,45,4,0.52,East
4252,Female,18,Silver,5,360.99,1,13,5,0.81,West
4253,Male,24,Silver,2,721.42,0,14,4,0.75,West
4254,Female,48,Silver,4,827.46,0,10,4,0.19,East
4255,Female,29,Silver,4,754.63,0,17,5,0.4,West
4256,Female,59,Basic,4,524.47,1,17,4,0.14,West
4257,Female,22,Gold,3,843.06,0,31,4,0.13,East
4258,Female,61,Basic,5,484.82,1,46,3,0.71,West
4259,Male,59,Basic,2,452.6,0,49,2,0.53,North
4260,Male,55,Basic,2,814.44,1,75,5,0.6,North
4261,Male,29,Basic,2,546.67,0,80,3,0.73,West
4262,Female,56,Silver,4,623.86,1,18,4,0.28,West
4263,Male,35,Basic,7,752.19,1,75,4,0.4,West
4264,Male,19,Basic,2,435.08,0,11,4,0.61,South
4265,Male,27,Silver,8,519.85,0,73,2,0.1,West
4266,Male,32,Silver,2,511.85,1,89,1,0.83,North
4267,Male,47,Basic,8,565.04,0,55,4,0.34,West
4268,Female,61,Silver,6,493.43,1,3,4,0.66,South
4269,Male,34,Gold,8,655.79,0,78,3,1.0,East
4270,Female,21,Platinum,5,653.89,0,89,5,0.48,South
4271,Female,24,Silver,4,600.18,0,16,5,0.22,South
4272,Female,58,Basic,4,634.33,0,9,4,0.22,North
4273,Female,48,Gold,5,501.8,0,68,4,0.06,West
4274,Female,56,Silver,5,603.17,1,45,3,0.77,North
4275,Male,51,Basic,5,347.23,1,2,5,0.29,South
4276,Male,23,Gold,4,748.5,1,89,5,0.17,South
4277,Male,55,Silver,4,515.87,0,22,4,0.71,West
4278,Female,62,Platinum,4,522.3,1,69,4,0.31,East
4279,Male,51,Gold,3,459.8,0,49,4,0.6,North
4280,Male,61,Silver,3,621.01,0,21,4,0.42,East
4281,Female,32,Gold,3,519.93,0,74,3,0.33,South
4282,Female,31,Silver,5,694.44,1,87,4,0.49,East
4283,Female,23,Silver,1,442.52,1,55,3,0.31,North
4284,Female,54,Gold,3,620.72,0,4,3,0.87,South
4285,Male,49,Silver,6,663.84,0,58,3,0.07,South
4286,Female,20,Gold,4,719.53,0,70,3,0.03,East
4287,Female,20,Gold,6,700.01,0,59,5,0.41,West
4288,Male,39,Platinum,4,463.95,0,26,3,0.17,West
4289,Male,39,Gold,3,610.2,0,74,4,0.74,North
4290,Female,27,Silver,3,584.38,0,69,3,0.35,West
4291,Male,20,Basic,2,442.84,1,39,4,0.26,South
4292,Female,29,Gold,4,596.01,0,1,5,0.36,South
4293,Female,46,Basic,2,390.89,0,57,3,0.22,East
4294,Male,34,Basic,2,635.29,0,48,4,0.3,South
4295,Male,24,Basic,3,780.89,0,72,4,0.57,South
4296,Female,30,Gold,3,749.81,1,21,3,0.86,North
4297,Female,19,Gold,5,658.7,1,31,3,0.37,West
4298,Female,21,Silver,2,638.78,0,58,2,0.32,West
4299,Male,27,Silver,7,582.78,0,47,4,0.78,West
4300,Female,56,Silver,6,924.07,1,23,4,0.02,North
4301,Female,41,Silver,7,567.9,1,75,4,0.3,West
4302,Female,34,Silver,2,402.5,0,80,3,0.45,East
4303,Female,23,Basic,3,714.45,1,7,3,0.6,West
4304,Female,36,Basic,4,669.15,1,49,3,0.16,South
4305,Male,22,Silver,3,434.38,0,88,1,0.43,North
4306,Female,49,Silver,6,540.46,1,31,3,0.57,East
4307,Female,27,Silver,5,625.36,0,47,3,0.51,North
4308,Female,26,Platinum,2,515.31,0,68,4,0.57,East
4309,Female,44,Basic,8,737.63,0,35,5,0.66,East
4310,Male,30,Basic,3,483.3,0,75,2,0.38,South
4311,Male,36,Silver,4,562.29,1,34,5,0.06,West
4312,Male,38,Basic,2,536.82,0,58,4,0.06,West
4313,Female,41,Basic,4,667.59,0,15,5,0.86,East
4314,Female,55,Basic,4,694.9,0,78,3,0.68,East
4315,Male,21,Silver,6,667.36,1,85,5,0.76,West
4316,Male,41,Basic,3,322.98,0,71,5,0.93,North
4317,Male,52,Gold,4,624.47,0,81,5,0.75,East
4318,Female,20,Silver,4,671.59,0,42,5,0.69,East
4319,Female,21,Basic,6,688.83,1,18,2,0.66,North
4320,Male,54,Gold,7,573.38,0,78,3,0.26,North
4321,Male,57,Basic,2,603.54,0,38,5,0.96,West
4322,Male,52,Gold,4,514.7,0,64,3,0.54,West
4323,Female,48,Platinum,5,791.69,0,29,3,0.22,North
4324,Female,61,Basic,3,398.78,0,10,2,0.21,North
4325,Female,42,Platinum,0,667.75,1,17,4,0.82,South
4326,Male,57,Gold,5,450.73,1,32,4,0.25,South
4327,Male,30,Platinum,5,528.06,1,61,5,0.04,West
4328,Female,21,Silver,4,594.1,0,84,5,0.43,East
4329,Male,63,Basic,2,302.12,0,81,4,0.82,North
4330,Female,31,Gold,5,391.02,0,46,4,0.41,West
4331,Male,30,Basic,7,359.8,0,71,3,0.8,South
4332,Male,44,Basic,6,663.9,1,56,2,0.83,East
4333,Male,23,Basic,3,753.54,1,61,5,0.86,South
4334,Male,34,Basic,2,360.61,1,44,4,0.59,South
4335,Female,53,Silver,5,573.3,0,38,3,0.7,South
4336,Male,57,Gold,6,641.18,1,50,2,0.26,East
4337,Female,52,Platinum,1,640.55,0,74,4,0.1,South
4338,Female,34,Basic,2,901.29,1,32,3,0.53,West
4339,Female,58,Platinum,2,623.04,0,53,3,0.01,East
4340,Male,19,Platinum,5,460.79,0,48,5,0.47,North
4341,Female,30,Basic,2,712.31,0,81,3,0.1,North
4342,Female,19,Basic,3,838.69,1,1,4,0.11,North
4343,Female,45,Gold,7,404.74,0,30,5,0.87,North
4344,Male,60,Silver,1,680.12,0,9,5,0.64,South
4345,Male,43,Gold,4,604.28,1,33,5,0.65,South
4346,Female,39,Gold,4,457.07,0,26,5,0.4,North
4347,Male,64,Silver,4,504.22,0,42,2,0.41,East
4348,Female,60,Basic,3,838.74,0,74,5,0.3,South
4349,Female,20,Silver,4,715.89,0,42,1,0.43,South
4350,Male,52,Basic,1,663.77,0,39,3,0.59,East
4351,Female,29,Silver,3,376.22,0,61,2,0.19,East
4352,Male,41,Gold,4,701.14,0,47,5,0.26,West
4353,Male,22,Silver,6,767.44,0,42,3,0.49,East
4354,Female,37,Platinum,3,395.12,0,48,3,0.38,North
4355,Male,56,Silver,1,603.26,0,52,3,0.82,North
4356,Male,56,Gold,2,751.22,1,33,3,0.82,East
4357,Female,30,Silver,2,731.0,1,27,4,0.34,West
4358,Female,58,Platinum,2,696.0,1,43,1,0.45,West
4359,Male,62,Gold,1,606.66,1,29,4,0.98,North
4360,Male,29,Basic,6,762.85,1,19,5,0.83,North
4361,Female,30,Platinum,5,624.19,1,82,4,0.22,East
4362,Male,27,Silver,4,682.88,1,28,5,0.28,South
4363,Male,50,Basic,4,651.49,0,10,3,0.08,West
4364,Male,57,Silver,5,440.53,1,67,2,0.68,North
4365,Male,33,Gold,3,461.76,0,16,4,0.32,East
4366,Male,62,Silver,2,382.2,0,1,5,0.54,East
4367,Male,52,Basic,5,542.64,1,82,4,0.77,East
4368,Male,20,Gold,2,721.78,1,4,5,0.84,West
4369,Female,22,Gold,5,650.85,0,69,4,0.33,South
4370,Female,43,Silver,5,595.13,0,85,3,0.24,East
4371,Female,28,Basic,6,803.83,0,4,4,0.85,East
4372,Female,24,Basic,3,554.51,1,20,3,0.38,South
4373,Female,27,Gold,3,683.84,1,63,4,0.82,East
4374,Male,59,Gold,1,548.86,0,83,2,0.15,North
4375,Male,51,Basic,4,375.39,1,35,3,0.91,West
4376,Male,20,Basic,1,487.12,0,45,5,0.48,South
4377,Male,25,Basic,3,483.12,0,57,2,0.17,South
4378,Female,48,Gold,4,386.77,1,24,3,0.54,West
4379,Male,28,Basic,2,577.18,0,20,5,0.87,East
4380,Male,62,Basic,3,488.69,0,28,4,0.39,West
4381,Female,24,Basic,4,824.62,0,38,4,0.18,North
4382,Male,62,Silver,5,564.86,1,24,5,0.58,South
4383,Male,19,Silver,7,474.44,0,84,4,0.83,East
4384,Female,23,Basic,11,436.81,0,24,3,0.12,East
4385,Male,58,Platinum,8,431.75,0,70,3,0.04,West
4386,Male,49,Basic,6,731.65,0,25,5,0.06,South
4387,Male,37,Basic,4,744.76,1,81,5,0.23,West
4388,Male,51,Platinum,7,300.45,1,81,3,0.01,South
4389,Male,33,Silver,3,924.45,0,69,3,0.43,West
4390,Female,42,Silver,2,611.54,1,17,3,0.7,East
4391,Female,29,Basic,4,753.33,1,58,4,0.71,West
4392,Female,24,Gold,4,479.63,0,73,3,0.64,South
4393,Female,56,Silver,6,452.36,1,20,5,0.3,North
4394,Female,34,Gold,6,562.74,0,2,5,0.74,West
4395,Female,62,Basic,6,656.28,0,83,4,0.58,North
4396,Male,28,Silver,2,632.84,1,9,5,0.86,East
4397,Female,23,Gold,4,775.41,0,63,3,0.48,West
4398,Female,40,Platinum,6,334.74,1,83,5,0.18,North
4399,Male,44,Basic,2,736.06,0,68,4,0.63,West
4400,Male,63,Gold,3,677.09,0,6,3,0.15,West
4401,Female,23,Basic,2,646.82,0,11,3,0.96,East
4402,Male,55,Silver,1,397.94,0,21,4,0.7,South
4403,Female,19,Basic,1,480.23,1,63,5,0.76,South
4404,Male,39,Silver,3,695.68,0,89,5,0.68,West
4405,Female,37,Basic,3,231.58,1,30,4,0.1,East
4406,Male,42,Basic,9,315.52,0,82,4,0.47,West
4407,Male,32,Basic,3,668.93,1,89,3,0.65,East
4408,Female,46,Basic,8,684.35,1,21,4,0.23,South
4409,Female,25,Platinum,6,488.23,0,23,4,0.68,East
4410,Female,54,Platinum,3,487.8,1,61,3,0.82,West
4411,Female,50,Gold,5,742.71,0,30,5,0.27,North
4412,Female,39,Basic,5,733.03,0,46,4,0.2,North
4413,Male,64,Silver,2,549.04,0,60,5,0.88,West
4414,Female,22,Gold,5,415.77,0,18,4,0.01,North
4415,Female,56,Platinum,3,821.27,0,62,5,0.26,West
4416,Male,35,Silver,5,406.96,1,45,2,0.41,West
4417,Male,55,Gold,5,701.39,1,61,4,0.67,South
4418,Female,54,Platinum,3,780.05,0,59,1,1.0,South
4419,Male,47,Gold,4,598.99,1,35,3,0.37,South
4420,Male,48,Basic,5,511.7,0,22,3,0.95,West
4421,Female,27,Basic,4,357.87,0,24,4,0.37,East
4422,Male,32,Silver,7,609.36,1,87,5,0.7,West
4423,Male,59,Silver,7,380.57,0,51,4,0.17,South
4424,Female,61,Basic,2,646.02,1,65,4,0.46,South
4425,Female,35,Basic,2,296.14,0,15,5,0.87,North
4426,Male,40,Gold,4,348.48,1,28,5,0.32,South
4427,Male,50,Silver,3,619.72,1,42,2,0.11,East
4428,Female,33,Basic,3,725.95,0,20,3,0.52,West
4429,Male,55,Silver,10,557.35,0,43,1,0.44,East
4430,Male,52,Silver,4,757.61,0,80,2,0.23,West
4431,Male,51,Gold,7,515.85,0,69,3,0.91,North
4432,Female,45,Basic,1,926.65,0,63,4,0.6,North
4433,Male,19,Gold,4,400.38,0,43,3,0.35,East
4434,Male,47,Silver,3,493.06,1,79,3,1.0,North
4435,Female,30,Basic,2,802.69,0,2,3,0.14,West
4436,Male,58,Gold,4,561.25,0,88,4,0.85,North
4437,Male,33,Basic,7,742.45,0,77,5,0.23,West
4438,Female,22,Basic,2,401.69,0,23,5,0.24,West
4439,Female,45,Silver,3,457.12,1,12,4,0.5,East
4440,Female,56,Basic,3,689.7,1,46,4,0.66,West
4441,Female,62,Basic,2,384.34,0,33,4,0.69,North
4442,Male,37,Gold,5,418.01,1,44,4,0.02,East
4443,Male,41,Basic,2,583.31,1,25,4,0.29,West
4444,Female,44,Platinum,6,797.67,1,35,4,0.66,West
4445,Female,47,Silver,6,655.08,0,35,4,0.89,West
4446,Male,62,Basic,2,568.76,1,65,5,0.67,East
4447,Female,44,Basic,2,624.69,1,43,1,0.27,West
4448,Male,43,Silver,0,339.01,0,68,3,0.51,East
4449,Female,24,Silver,5,513.02,0,62,3,0.65,North
4450,Male,59,Basic,4,666.14,0,31,5,0.14,East
4451,Female,64,Basic,4,635.57,0,28,3,0.54,South
4452,Female,55,Gold,8,691.75,1,11,3,0.47,South
4453,Male,22,Basic,4,705.22,1,32,4,0.34,West
4454,Female,40,Gold,1,633.98,0,66,4,0.62,West
4455,Male,45,Silver,1,222.9,0,60,4,0.64,South
4456,Male,51,Silver,2,650.47,0,51,3,0.97,North
4457,Male,32,Basic,4,527.0,0,59,5,0.43,East
4458,Male,49,Basic,1,542.01,0,77,4,0.53,South
4459,Male,43,Gold,4,544.19,1,17,5,0.16,East
4460,Female,48,Basic,4,643.77,1,68,4,0.55,North
4461,Female,36,Basic,3,379.53,1,38,2,0.04,North
4462,Male,26,Silver,4,342.61,1,64,4,0.15,South
4463,Female,46,Basic,6,414.29,1,3,1,0.17,West
4464,Male,56,Silver,2,737.93,1,54,3,0.63,North
4465,Female,21,Gold,5,534.42,1,76,3,0.57,North
4466,Female,20,Silver,10,675.82,1,44,5,0.8,East
4467,Female,46,Platinum,4,671.99,1,82,3,0.46,East
4468,Female,28,Gold,2,659.52,0,30,4,0.47,South
4469,Male,50,Basic,6,679.0,1,75,3,0.16,South
4470,Male,55,Basic,3,521.66,0,88,5,0.74,East
4471,Female,28,Silver,4,700.32,0,85,4,0.0,North
4472,Female,44,Silver,2,657.28,0,54,4,0.42,West
4473,Male,50,Basic,4,362.07,0,48,4,0.19,West
4474,Female,38,Platinum,5,608.91,0,35,3,0.77,South
4475,Male,56,Silver,2,577.6,1,68,5,0.67,East
4476,Male,48,Basic,6,669.43,0,26,4,0.71,North
4477,Male,55,Silver,5,603.85,1,72,4,0.15,West
4478,Female,63,Basic,6,564.05,1,88,4,0.67,West
4479,Male,19,Gold,1,833.45,1,56,5,0.69,West
4480,Female,44,Silver,6,691.17,0,76,2,0.0,North
4481,Male,53,Basic,2,606.1,1,69,3,0.32,North
4482,Female,28,Basic,4,432.22,0,80,5,0.09,South
4483,Female,64,Gold,2,618.09,0,64,1,0.68,South
4484,Female,35,Silver,4,472.01,0,29,4,0.21,East
4485,Male,18,Platinum,2,352.06,1,78,3,0.26,East
4486,Male,52,Basic,8,539.01,1,59,3,0.08,East
4487,Female,52,Basic,2,548.29,1,25,4,0.48,East
4488,Female,48,Basic,2,754.46,0,72,5,0.03,East
4489,Female,45,Silver,1,746.03,0,27,4,0.85,South
4490,Male,56,Basic,4,700.38,1,22,2,0.03,North
4491,Male,18,Basic,2,586.82,0,71,3,0.06,West
4492,Male,42,Silver,3,588.88,0,47,5,0.64,North
4493,Male,60,Silver,2,683.3,0,76,2,0.92,South
4494,Female,55,Basic,4,696.49,0,55,3,0.89,West
4495,Female,37,Silver,4,653.47,0,9,5,0.08,West
4496,Male,20,Gold,2,676.28,0,54,5,0.29,North
4497,Male,19,Basic,8,589.82,1,64,4,0.52,West
4498,Female,35,Basic,9,557.67,1,39,3,0.03,South
4499,Male,61,Basic,1,266.95,1,83,3,0.53,West
4500,Male,27,Gold,2,548.99,1,8,3,0.45,North
4501,Male,22,Gold,3,491.61,1,27,4,0.59,North
4502,Male,26,Basic,3,614.62,1,69,3,0.92,East
4503,Male,19,Basic,7,498.55,0,33,1,0.27,South
4504,Male,51,Gold,3,620.59,0,85,3,0.64,West
4505,Female,55,Platinum,2,320.31,1,10,5,0.43,West
4506,Male,48,Silver,2,455.43,1,16,5,0.44,West
4507,Male,27,Platinum,5,492.73,0,11,4,0.65,North
4508,Female,29,Silver,3,442.51,0,19,2,0.95,South
4509,Female,53,Gold,4,1067.69,1,64,5,0.86,West
4510,Female,38,Basic,5,295.61,1,52,4,0.64,South
4511,Male,64,Silver,4,701.31,0,77,4,0.46,West
4512,Female,23,Basic,6,749.4,1,15,5,0.42,East
4513,Male,20,Gold,1,533.78,0,42,1,0.79,East
4514,Male,27,Platinum,4,649.8,0,83,4,0.22,East
4515,Male,22,Silver,5,691.57,0,79,5,0.59,North
4516,Female,63,Basic,4,620.35,1,38,2,0.5,West
4517,Female,43,Basic,4,335.17,1,86,3,0.65,North
4518,Female,38,Basic,7,661.07,0,49,5,0.19,North
4519,Female,62,Basic,6,745.67,0,77,3,0.7,North
4520,Female,43,Silver,3,909.54,0,84,4,0.63,East
4521,Male,55,Platinum,3,393.22,0,49,4,0.18,South
4522,Male,61,Basic,5,574.16,0,79,3,0.45,South
4523,Male,43,Basic,5,595.74,1,71,3,0.68,South
4524,Male,25,Silver,6,585.06,0,55,2,0.9,West
4525,Female,22,Basic,3,348.98,1,22,3,0.12,North
4526,Female,32,Gold,0,765.3,0,43,5,0.01,North
4527,Male,33,Basic,5,749.52,1,50,5,0.17,West
4528,Female,18,Basic,4,656.49,1,84,3,0.99,North
4529,Female,33,Basic,2,536.18,0,19,3,0.77,South
4530,Male,54,Basic,4,567.67,0,72,3,0.61,North
4531,Male,20,Silver,5,557.04,0,18,3,0.13,West
4532,Female,64,Basic,8,391.38,1,10,4,0.42,West
4533,Female,48,Silver,1,705.13,0,50,1,0.72,South
4534,Male,30,Silver,5,603.58,0,49,5,0.9,North
4535,Male,33,Basic,4,703.01,1,41,3,0.38,West
4536,Male,60,Basic,10,638.82,1,15,5,1.0,West
4537,Female,38,Silver,4,449.19,0,23,4,0.14,West
4538,Male,19,Silver,5,461.21,1,76,5,0.39,South
4539,Male,44,Platinum,5,797.06,0,27,5,0.88,North
4540,Female,55,Basic,3,683.96,0,6,3,0.65,East
4541,Female,43,Basic,6,542.98,0,24,4,0.81,North
4542,Female,55,Basic,6,684.06,0,86,4,0.91,South
4543,Female,63,Silver,4,469.29,1,9,4,0.51,South
4544,Female,42,Silver,3,762.85,0,74,4,0.23,West
4545,Male,28,Gold,6,396.37,0,62,3,0.69,West
4546,Male,25,Silver,4,629.52,1,67,3,0.56,South
4547,Female,25,Basic,0,579.52,0,70,4,0.77,East
4548,Female,50,Silver,8,601.95,1,78,1,0.51,East
4549,Female,24,Platinum,6,697.67,0,42,5,0.81,South
4550,Female,55,Basic,2,750.16,0,60,4,0.9,West
4551,Female,38,Silver,3,538.18,0,83,3,0.75,South
4552,Male,25,Platinum,4,301.29,0,48,2,0.74,West
4553,Male,38,Gold,5,342.48,0,56,4,0.59,West
4554,Male,37,Gold,3,542.69,0,87,1,0.47,South
4555,Male,25,Basic,3,605.14,0,5,4,0.97,North
4556,Female,63,Silver,4,656.3,0,79,2,0.65,South
4557,Male,48,Basic,5,628.7,0,54,4,0.84,North
4558,Female,46,Silver,2,733.58,0,38,3,0.51,East
4559,Female,26,Basic,1,870.24,1,19,4,0.55,West
4560,Female,32,Gold,7,614.43,0,69,2,0.66,East
4561,Male,47,Gold,5,654.13,0,73,2,0.73,West
4562,Female,43,Silver,3,485.22,0,71,3,0.45,West
4563,Male,27,Basic,3,608.23,1,24,3,0.36,South
4564,Male,46,Basic,2,631.03,1,80,3,0.24,West
4565,Female,33,Gold,2,623.1,0,10,2,0.42,East
4566,Female,53,Silver,1,487.4,1,85,3,0.21,West
4567,Female,37,Gold,1,624.74,1,21,4,0.42,North
4568,Male,62,Basic,6,613.76,0,15,4,0.87,North
4569,Female,54,Silver,3,647.52,0,64,5,0.98,South
4570,Male,39,Gold,8,539.92,0,13,3,0.58,South
4571,Female,24,Silver,5,601.64,1,71,3,0.15,West
4572,Female,40,Silver,1,926.57,0,40,4,0.43,East
4573,Male,58,Gold,5,608.18,0,8,3,0.6,South
4574,Male,57,Basic,7,760.65,1,38,4,0.37,South
4575,Male,46,Basic,4,813.82,0,52,5,0.21,South
4576,Male,33,Silver,3,382.12,1,2,4,0.23,North
4577,Male,55,Basic,1,570.1,1,22,4,0.47,East
4578,Male,45,Gold,8,576.9,1,4,5,0.22,South
4579,Female,55,Gold,8,902.13,0,52,5,0.25,West
4580,Female,48,Gold,3,882.45,0,7,4,0.87,South
4581,Male,31,Silver,3,381.95,1,1,2,0.78,South
4582,Female,50,Basic,3,449.13,0,83,5,0.06,North
4583,Male,26,Basic,4,783.81,0,58,3,0.32,North
4584,Female,44,Gold,3,521.64,0,62,3,0.53,South
4585,Female,41,Basic,3,697.27,1,66,5,0.06,East
4586,Male,30,Silver,3,567.16,1,55,5,0.68,North
4587,Male,43,Gold,2,439.32,1,13,3,0.38,South
4588,Male,46,Basic,4,795.67,1,28,3,0.4,East
4589,Female,60,Basic,3,490.95,0,14,4,0.27,South
4590,Male,45,Silver,3,580.55,0,3,3,0.33,East
4591,Female,45,Gold,2,429.81,0,16,3,0.86,West
4592,Male,25,Basic,2,433.4,1,89,5,0.79,North
4593,Female,40,Platinum,0,608.87,1,46,4,0.94,West
4594,Female,46,Silver,2,457.28,0,3,5,0.7,East
4595,Male,22,Platinum,4,826.13,0,3,4,0.58,North
4596,Female,59,Basic,3,703.35,1,41,5,0.26,North
4597,Female,24,Basic,1,719.02,1,29,5,0.67,West
4598,Male,59,Gold,2,556.06,0,40,4,0.91,East
4599,Female,53,Gold,1,560.2,1,19,5,0.07,North
4600,Male,58,Silver,4,666.55,0,20,5,0.44,East
4601,Male,44,Gold,6,194.38,0,21,5,0.15,East
4602,Male,63,Gold,4,531.71,0,20,4,0.81,North
4603,Male,19,Basic,3,326.93,1,47,5,0.61,North
4604,Female,42,Silver,0,634.1,1,44,2,0.88,North
4605,Female,26,Gold,3,426.51,1,89,2,0.06,West
4606,Female,44,Basic,4,581.86,1,2,3,0.91,North
4607,Male,18,Basic,5,466.9,0,43,2,0.07,North
4608,Female,40,Gold,4,814.12,0,57,2,0.29,South
4609,Female,27,Basic,1,939.17,1,88,2,0.16,South
4610,Male,59,Basic,4,737.54,0,19,5,0.15,West
4611,Male,42,Platinum,9,745.94,0,64,3,0.17,West
4612,Female,20,Silver,3,593.61,1,46,4,0.48,South
4613,Male,23,Gold,2,505.78,0,41,5,0.78,West
4614,Male,23,Gold,5,310.92,0,67,2,0.9,South
4615,Male,19,Basic,9,627.29,0,14,3,0.57,South
4616,Male,35,Basic,4,554.84,1,20,3,0.16,East
4617,Female,40,Basic,3,633.65,1,35,2,0.08,West
4618,Male,19,Basic,3,493.38,0,87,5,0.49,North
4619,Male,29,Silver,4,376.29,1,25,5,0.77,South
4620,Male,39,Silver,3,426.17,0,4,5,0.62,East
4621,Male,54,Silver,3,829.75,1,57,5,0.58,East
4622,Male,37,Basic,4,890.3,0,2,3,0.05,South
4623,Male,56,Basic,5,364.25,1,66,5,0.41,West
4624,Male,41,Silver,4,499.44,1,89,4,0.55,South
4625,Male,37,Silver,5,338.04,0,87,5,0.6,West
4626,Female,18,Basic,3,609.19,1,21,3,0.0,South
4627,Male,18,Silver,6,613.08,0,89,3,0.2,South
4628,Female,34,Basic,3,582.63,1,52,3,0.95,East
4629,Male,18,Basic,3,524.44,0,75,3,0.51,North
4630,Male,62,Gold,3,636.78,1,78,4,0.7,North
4631,Male,47,Basic,4,697.69,0,81,3,0.31,East
4632,Male,58,Silver,3,704.07,0,15,4,0.59,West
4633,Female,64,Basic,4,783.0,1,46,4,0.36,South
4634,Male,20,Basic,6,547.64,1,31,2,0.3,West
4635,Male,63,Basic,5,512.2,1,62,3,0.41,North
4636,Female,28,Platinum,7,742.92,1,34,5,0.46,West
4637,Female,41,Silver,2,515.69,0,36,5,0.33,South
4638,Male,39,Platinum,4,567.96,1,44,4,0.26,North
4639,Female,61,Silver,2,517.86,1,63,5,0.62,West
4640,Female,62,Silver,3,854.71,0,77,1,0.38,West
4641,Female,43,Basic,4,687.73,1,18,1,0.2,West
4642,Male,30,Basic,2,429.82,1,81,3,0.76,North
4643,Male,18,Basic,4,599.8,1,45,4,0.72,North
4644,Male,41,Basic,5,660.79,0,39,4,0.89,West
4645,Female,27,Silver,1,431.55,1,26,2,0.56,East
4646,Male,52,Basic,8,653.15,1,78,2,0.28,South
4647,Female,41,Basic,1,577.37,0,75,5,0.86,North
4648,Male,45,Basic,1,416.22,1,24,4,0.28,North
4649,Male,53,Silver,4,397.96,0,58,5,0.66,North
4650,Female,33,Silver,2,805.33,0,50,3,0.19,South
4651,Male,57,Gold,8,474.18,0,72,4,0.63,North
4652,Female,33,Basic,3,751.2,0,39,5,0.84,East
4653,Female,34,Basic,2,698.5,0,72,5,0.54,North
4654,Male,32,Basic,5,506.49,1,31,3,0.47,North
4655,Female,33,Gold,3,674.85,0,83,3,0.99,East
4656,Male,32,Basic,5,649.23,1,36,3,0.02,South
4657,Male,51,Silver,4,736.0,0,39,4,0.33,South
4658,Female,28,Silver,3,626.22,1,21,4,0.92,North
4659,Male,18,Basic,5,550.21,1,23,4,0.64,South
4660,Female,32,Basic,4,798.56,0,54,1,0.54,East
4661,Male,43,Basic,0,709.65,1,36,3,0.64,South
4662,Male,21,Gold,3,503.51,1,15,3,0.32,North
4663,Male,60,Silver,5,573.54,1,2,5,0.07,East
4664,Male,22,Silver,3,794.96,0,76,5,0.28,North
4665,Male,52,Silver,1,824.8,0,70,3,0.34,East
4666,Female,30,Silver,4,573.27,1,38,4,0.48,East
4667,Female,27,Silver,7,673.13,0,65,1,0.39,North
4668,Female,28,Basic,3,654.13,0,50,4,0.52,North
4669,Female,35,Basic,4,434.96,0,87,2,0.2,South
4670,Female,51,Basic,2,676.47,0,1,4,0.18,West
4671,Female,56,Silver,3,277.15,1,21,4,0.35,South
4672,Male,58,Basic,4,736.46,1,57,3,0.47,North
4673,Male,59,Silver,5,678.12,0,19,3,0.34,North
4674,Female,40,Basic,3,146.13,0,29,2,0.58,South
4675,Female,24,Platinum,6,455.27,0,50,3,0.31,West
4676,Male,56,Basic,1,335.8,0,34,5,0.18,West
4677,Male,20,Basic,4,446.21,1,81,4,0.86,North
4678,Male,29,Platinum,1,620.06,0,82,4,0.2,West
4679,Female,24,Silver,0,861.34,0,54,4,0.97,East
4680,Female,43,Platinum,4,677.54,1,32,4,0.99,South
4681,Female,50,Basic,8,543.02,1,4,3,0.7,West
4682,Male,54,Basic,6,707.62,0,30,2,0.5,West
4683,Male,32,Silver,2,692.99,0,18,4,0.8,South
4684,Female,19,Gold,4,817.0,0,69,4,0.87,East
4685,Female,58,Basic,4,725.64,0,29,5,0.71,West
4686,Male,24,Platinum,10,600.84,1,12,1,0.1,East
4687,Male,49,Silver,6,374.06,0,15,2,0.0,North
4688,Male,21,Gold,1,802.45,0,79,5,0.19,North
4689,Male,37,Basic,4,581.38,0,53,4,0.19,East
4690,Female,53,Basic,4,466.71,1,35,5,0.18,East
4691,Male,49,Platinum,2,302.36,1,52,3,0.51,South
4692,Male,45,Platinum,3,427.57,0,53,3,0.52,South
4693,Male,30,Silver,2,660.36,1,14,3,0.72,South
4694,Female,18,Basic,3,541.59,0,18,2,0.2,West
4695,Female,52,Basic,5,748.77,1,38,3,0.09,North
4696,Male,47,Silver,7,842.93,0,86,1,0.67,South
4697,Male,53,Basic,3,279.77,0,38,4,0.48,West
4698,Male,42,Basic,4,447.33,1,55,5,0.67,West
4699,Female,33,Basic,1,620.8,1,11,3,0.38,East
4700,Female,36,Gold,10,822.05,0,67,2,0.75,South
4701,Female,18,Basic,2,474.33,0,53,5,0.68,East
4702,Male,22,Silver,3,633.82,1,78,2,0.65,East
4703,Female,39,Silver,2,436.45,1,44,4,0.03,West
4704,Male,41,Silver,4,587.38,1,25,5,0.86,North
4705,Male,60,Silver,2,620.68,0,62,3,0.38,West
4706,Male,62,Basic,5,551.25,1,14,5,0.14,West
4707,Female,54,Silver,5,845.66,0,47,4,0.76,West
4708,Male,53,Gold,9,778.54,0,89,3,0.49,North
4709,Female,53,Silver,6,552.12,0,55,5,0.03,South
4710,Female,21,Platinum,1,560.89,0,83,4,0.78,West
4711,Male,53,Gold,6,719.57,1,12,4,0.44,West
4712,Male,35,Gold,3,607.14,0,7,4,0.75,South
4713,Female,33,Basic,2,601.9,0,49,3,0.76,South
4714,Male,58,Silver,4,496.95,0,14,3,0.1,West
4715,Female,35,Silver,4,689.82,1,29,2,0.61,North
4716,Male,39,Basic,1,504.03,0,47,3,0.36,East
4717,Female,19,Silver,4,503.98,0,14,3,0.55,East
4718,Female,38,Basic,3,643.37,1,87,2,0.09,West
4719,Female,53,Silver,5,621.07,1,51,2,0.59,North
4720,Female,61,Silver,8,605.07,1,14,3,0.78,South
4721,Male,56,Silver,4,327.78,1,87,4,0.99,North
4722,Male,64,Platinum,7,635.7,0,8,3,0.32,East
4723,Female,56,Basic,6,298.91,0,77,4,0.16,North
4724,Female,46,Basic,6,753.35,1,65,4,0.37,West
4725,Male,43,Basic,3,516.97,1,37,5,0.02,North
4726,Male,38,Gold,6,623.85,0,68,4,0.41,East
4727,Male,34,Silver,6,512.86,0,16,5,0.91,West
4728,Male,33,Silver,1,646.17,1,89,4,0.19,West
4729,Male,48,Basic,6,419.24,1,83,1,0.48,North
4730,Male,26,Silver,4,877.65,0,20,3,0.57,West
4731,Female,48,Basic,6,497.0,0,67,4,0.18,North
4732,Male,31,Gold,3,731.41,1,71,4,0.33,North
4733,Male,54,Gold,7,432.8,0,32,3,0.91,South
4734,Female,19,Gold,2,541.11,0,69,4,0.3,East
4735,Male,63,Gold,9,487.5,0,85,3,0.64,South
4736,Male,31,Silver,8,510.42,0,30,5,0.14,East
4737,Male,50,Gold,2,663.46,1,20,3,0.67,East
4738,Male,52,Silver,8,670.11,1,58,4,0.28,West
4739,Male,56,Silver,3,661.14,0,29,5,0.23,East
4740,Female,64,Basic,4,469.16,0,24,5,0.12,North
4741,Male,37,Basic,4,619.45,1,1,4,0.05,South
4742,Female,19,Silver,3,473.04,0,89,5,0.97,West
4743,Female,58,Silver,6,819.95,1,27,4,0.41,West
4744,Male,36,Basic,3,461.17,0,89,3,0.78,East
4745,Female,54,Gold,3,529.2,0,21,5,0.92,South
4746,Male,35,Basic,5,608.71,0,17,1,0.2,South
4747,Female,33,Basic,4,446.79,1,32,3,0.87,South
4748,Female,21,Gold,4,695.04,1,44,3,0.71,West
4749,Male,29,Silver,4,767.11,0,22,4,0.58,South
4750,Male,46,Gold,3,467.52,0,42,1,0.81,North
4751,Male,24,Silver,4,498.2,0,83,4,0.11,North
4752,Male,31,Platinum,6,779.1,0,62,3,0.26,East
4753,Male,29,Silver,3,621.71,1,48,2,0.13,East
4754,Female,52,Basic,1,566.94,0,8,5,0.9,North
4755,Female,22,Basic,2,485.68,0,2,3,0.1,East
4756,Female,34,Basic,5,544.63,0,5,3,0.98,West
4757,Female,59,Platinum,2,578.03,0,28,3,0.11,North
4758,Female,49,Basic,4,695.93,1,4,4,0.66,West
4759,Female,27,Basic,3,599.59,1,53,5,0.66,South
4760,Female,60,Basic,2,463.47,0,1,5,0.93,West
4761,Male,34,Gold,1,521.57,0,79,3,0.32,South
4762,Male,22,Basic,2,432.29,1,77,4,0.33,North
4763,Female,62,Platinum,5,580.13,1,81,4,0.85,East
4764,Female,59,Basic,7,938.13,1,6,4,0.98,East
4765,Male,26,Basic,2,971.56,0,88,4,0.03,North
4766,Male,50,Basic,9,649.09,0,55,5,0.64,West
4767,Male,53,Gold,4,352.08,0,52,2,0.24,North
4768,Male,53,Gold,5,738.91,0,77,3,0.73,South
4769,Female,35,Basic,2,700.09,0,85,4,0.77,East
4770,Male,26,Basic,2,1003.06,1,24,4,0.76,South
4771,Female,46,Gold,5,611.19,1,62,3,0.44,North
4772,Female,31,Basic,4,536.23,1,56,4,0.16,East
4773,Female,42,Basic,4,450.23,0,86,3,0.58,South
4774,Male,32,Basic,4,723.36,0,24,4,0.79,East
4775,Male,23,Basic,3,571.82,1,76,3,0.91,East
4776,Female,59,Basic,4,561.58,1,20,4,0.45,North
4777,Female,46,Basic,5,524.5,1,34,3,0.25,South
4778,Female,32,Basic,6,930.01,1,15,5,0.12,North
4779,Male,46,Gold,3,538.16,0,51,5,0.8,West
4780,Female,21,Basic,8,705.07,1,4,4,0.54,South
4781,Male,35,Gold,4,669.34,0,53,3,0.67,North
4782,Female,61,Basic,4,266.54,1,14,1,0.16,North
4783,Female,56,Silver,3,931.99,1,65,2,0.01,West
4784,Female,33,Basic,2,322.08,1,33,2,0.97,North
4785,Male,28,Gold,1,464.84,0,50,1,0.81,West
4786,Male,31,Basic,7,523.8,1,63,4,0.4,South
4787,Female,20,Gold,3,491.21,1,50,5,0.46,West
4788,Male,59,Basic,4,565.65,0,74,1,0.93,West
4789,Female,55,Basic,5,484.2,1,36,2,0.21,North
4790,Male,62,Platinum,2,803.5,0,78,5,0.8,East
4791,Male,59,Silver,5,688.63,0,86,4,0.02,North
4792,Male,35,Basic,4,506.89,1,71,3,0.88,East
4793,Female,37,Platinum,5,474.5,1,50,5,0.59,South
4794,Male,42,Basic,6,515.26,1,41,4,0.48,East
4795,Male,55,Basic,4,464.22,0,70,4,0.71,West
4796,Female,30,Platinum,5,420.16,0,27,4,0.07,East
4797,Female,21,Basic,7,740.31,0,30,3,0.2,East
4798,Female,31,Gold,1,541.48,1,32,4,0.41,West
4799,Female,50,Basic,3,659.27,1,83,3,0.62,East
4800,Male,45,Gold,7,609.76,0,22,4,0.14,East
4801,Male,54,Silver,5,817.44,0,85,1,0.38,South
4802,Male,25,Platinum,2,734.3,0,69,3,0.26,South
4803,Male,61,Silver,4,654.26,1,21,3,0.65,South
4804,Male,51,Basic,4,944.3,0,56,3,0.92,West
4805,Female,61,Silver,5,494.23,0,84,2,0.17,South
4806,Male,22,Basic,4,571.84,0,31,5,0.19,South
4807,Male,22,Gold,5,697.97,1,59,3,0.6,West
4808,Male,48,Gold,2,726.65,0,70,5,0.45,West
4809,Female,62,Silver,7,468.19,1,43,5,0.72,West
4810,Female,26,Gold,1,594.91,0,88,3,0.29,West
4811,Male,59,Basic,4,603.33,0,54,3,0.54,South
4812,Female,49,Silver,4,949.59,0,18,4,0.39,North
4813,Female,50,Basic,1,699.35,0,55,4,0.28,East
4814,Female,20,Silver,3,762.11,0,29,5,0.73,South
4815,Female,47,Basic,3,541.72,0,61,4,0.8,North
4816,Female,29,Gold,3,487.43,0,51,4,0.33,South
4817,Female,46,Basic,3,536.44,1,76,5,0.62,South
4818,Female,20,Silver,5,682.18,0,12,2,0.18,West
4819,Male,43,Basic,3,821.28,1,61,4,0.79,North
4820,Male,47,Gold,3,386.63,0,71,2,0.28,South
4821,Female,26,Basic,3,897.14,1,16,3,0.17,East
4822,Male,43,Silver,7,732.95,1,12,3,0.94,West
4823,Male,19,Basic,3,750.16,1,62,4,0.42,East
4824,Female,20,Gold,5,740.13,0,85,5,0.64,North
4825,Male,63,Basic,1,539.07,0,68,2,0.81,South
4826,Female,21,Gold,2,580.83,0,60,5,0.69,East
4827,Female,42,Basic,2,702.07,0,81,2,0.56,North
4828,Female,30,Gold,5,562.52,0,28,3,0.37,West
4829,Male,56,Basic,6,635.11,0,64,5,0.92,East
4830,Male,61,Basic,5,500.44,1,72,1,0.13,North
4831,Male,52,Silver,4,715.92,0,50,3,0.88,North
4832,Male,40,Basic,4,578.87,0,26,3,0.71,East
4833,Female,26,Basic,3,539.28,1,40,3,0.57,South
4834,Female,19,Platinum,4,476.16,0,55,3,0.32,North
4835,Male,58,Platinum,4,500.24,0,31,2,0.15,East
4836,Female,61,Gold,7,401.95,0,83,4,0.44,West
4837,Female,48,Basic,4,663.47,1,71,3,0.78,East
4838,Male,61,Basic,2,510.28,1,5,4,0.75,East
4839,Female,64,Silver,4,593.64,0,13,5,0.65,North
4840,Male,19,Basic,5,782.27,1,18,3,0.99,West
4841,Female,49,Platinum,5,582.02,1,82,4,0.97,South
4842,Male,35,Basic,2,576.35,0,50,3,0.4,East
4843,Female,30,Platinum,5,592.39,0,84,1,0.19,West
4844,Female,63,Silver,6,643.9,1,87,5,0.46,West
4845,Male,22,Gold,6,529.84,0,36,4,0.84,East
4846,Male,59,Basic,4,727.81,1,52,1,0.46,North
4847,Male,61,Gold,6,619.51,0,33,3,0.34,South
4848,Male,27,Basic,3,518.57,0,64,3,0.74,North
4849,Female,60,Silver,6,548.55,1,71,5,0.65,South
4850,Female,42,Gold,0,771.45,1,69,5,0.97,West
4851,Male,51,Basic,2,501.39,0,73,3,0.55,West
4852,Female,54,Silver,4,663.0,1,30,3,0.97,North
4853,Male,47,Silver,3,671.69,0,68,3,0.29,South
4854,Male,24,Basic,6,438.74,1,89,5,0.86,East
4855,Female,23,Silver,6,383.0,0,22,4,0.35,North
4856,Female,20,Basic,4,551.56,1,59,2,0.81,South
4857,Male,30,Basic,3,720.83,1,8,1,0.93,East
4858,Male,20,Silver,2,379.39,0,66,3,0.62,East
4859,Male,43,Silver,5,469.13,0,37,2,0.73,South
4860,Female,41,Basic,4,700.88,0,56,4,0.96,West
4861,Female,23,Gold,3,439.71,1,61,3,0.38,North
4862,Female,60,Gold,4,753.44,0,86,5,0.51,East
4863,Female,59,Silver,5,997.64,1,65,4,0.9,West
4864,Male,29,Silver,5,477.68,0,42,3,0.67,South
4865,Male,53,Basic,6,820.89,0,49,4,0.87,North
4866,Male,19,Gold,2,649.19,0,68,3,0.62,East
4867,Male,28,Silver,6,481.21,0,9,2,0.74,West
4868,Male,56,Basic,4,838.89,1,8,5,0.01,South
4869,Male,51,Silver,4,661.02,0,58,4,0.34,West
4870,Female,43,Basic,2,778.52,1,86,1,0.77,East
4871,Female,35,Basic,5,951.85,0,54,3,0.4,North
4872,Male,38,Silver,7,583.87,0,85,3,0.36,North
4873,Male,53,Silver,3,682.9,0,48,3,0.95,East
4874,Female,57,Silver,6,432.69,0,54,2,0.55,North
4875,Female,63,Silver,1,530.22,1,28,3,0.19,North
4876,Female,61,Platinum,1,587.78,1,66,4,0.47,West
4877,Female,39,Silver,7,631.74,0,81,5,0.52,South
4878,Male,47,Silver,3,280.68,0,31,3,0.99,East
4879,Male,60,Basic,4,832.3,0,13,4,0.72,East
4880,Male,47,Basic,4,695.11,0,59,1,0.52,West
4881,Male,25,Basic,1,677.5,0,82,2,0.43,West
4882,Male,51,Silver,6,907.3,0,88,4,0.92,South
4883,Female,64,Gold,5,843.16,0,31,5,0.65,North
4884,Male,26,Basic,5,577.3,0,33,2,0.36,East
4885,Female,37,Basic,7,514.55,1,53,3,0.46,East
4886,Male,57,Basic,2,693.44,0,36,5,0.28,South
4887,Male,42,Basic,5,832.73,0,85,4,0.96,West
4888,Male,36,Platinum,6,577.71,1,69,3,0.7,West
4889,Male,22,Silver,9,733.4,0,75,3,0.39,North
4890,Male,28,Basic,3,855.95,0,34,5,0.18,South
4891,Female,32,Gold,11,748.23,1,61,3,0.18,East
4892,Female,25,Gold,3,360.76,1,60,3,0.48,North
4893,Female,36,Silver,3,420.78,0,3,3,0.47,North
4894,Male,40,Basic,6,897.45,0,6,4,0.42,South
4895,Male,44,Silver,5,616.47,0,20,3,0.85,North
4896,Female,57,Basic,4,649.51,0,4,4,0.98,East
4897,Male,49,Gold,3,685.21,1,53,3,0.35,East
4898,Male,43,Silver,2,814.79,1,71,4,0.29,East
4899,Female,44,Silver,4,482.57,0,62,3,0.77,West
4900,Male,36,Basic,3,538.09,0,81,3,0.45,North
4901,Female,59,Basic,3,449.2,1,38,4,0.22,North
4902,Male,46,Basic,2,290.4,0,36,5,0.18,East
4903,Female,56,Platinum,2,661.51,1,34,5,0.28,West
4904,Male,58,Basic,1,470.13,0,6,2,0.0,South
4905,Male,50,Basic,9,744.38,0,66,4,0.94,East
4906,Female,36,Platinum,7,509.0,0,18,4,0.43,South
4907,Male,54,Silver,5,398.0,0,27,4,0.08,East
4908,Male,36,Gold,3,758.14,0,39,4,0.16,South
4909,Female,50,Basic,5,678.43,1,51,5,0.32,West
4910,Male,64,Silver,4,575.17,0,19,3,0.55,South
4911,Female,33,Basic,4,583.58,0,88,5,0.7,North
4912,Male,40,Gold,5,690.12,0,34,2,0.31,South
4913,Male,24,Basic,3,855.24,0,89,5,0.96,West
4914,Male,43,Silver,4,660.26,0,24,5,0.76,North
4915,Male,49,Gold,5,670.47,1,25,4,0.83,East
4916,Female,29,Silver,5,531.45,0,76,5,0.32,South
4917,Male,25,Silver,4,564.56,1,70,4,0.38,West
4918,Female,22,Basic,2,102.81,0,30,4,0.54,West
4919,Male,59,Basic,2,458.52,0,79,5,0.45,South
4920,Male,45,Silver,2,440.24,0,54,2,0.26,West
4921,Male,22,Silver,3,436.21,1,78,5,1.0,East
4922,Male,43,Platinum,6,542.72,0,25,3,0.85,West
4923,Female,22,Gold,2,558.64,1,5,4,0.24,East
4924,Female,39,Silver,4,440.23,0,2,3,0.89,South
4925,Female,32,Gold,5,788.78,1,80,3,0.59,West
4926,Female,30,Basic,0,689.85,0,63,4,0.01,South
4927,Male,45,Silver,3,630.95,0,54,1,0.35,North
4928,Female,50,Basic,2,696.83,0,38,5,0.03,North
4929,Female,60,Basic,3,342.11,0,17,3,0.09,South
4930,Male,40,Gold,6,337.87,0,31,3,0.18,South
4931,Male,50,Silver,6,782.73,0,1,5,0.48,East
4932,Male,60,Silver,7,957.27,0,6,5,0.38,East
4933,Male,35,Silver,4,608.18,0,70,4,0.15,North
4934,Female,47,Silver,3,937.57,0,36,2,0.39,West
4935,Female,43,Basic,2,600.18,1,8,5,0.3,North
4936,Male,33,Silver,2,493.7,0,73,3,0.41,West
4937,Male,30,Silver,6,747.04,1,86,5,0.17,East
4938,Male,56,Gold,6,277.39,1,10,4,0.61,East
4939,Female,50,Basic,6,511.89,0,24,5,0.04,East
4940,Female,43,Basic,4,475.86,0,63,4,0.39,West
4941,Male,18,Silver,4,420.03,0,40,4,0.89,East
4942,Male,55,Gold,2,525.23,1,2,4,0.42,West
4943,Female,19,Silver,2,643.57,0,20,4,0.44,West
4944,Male,23,Gold,6,796.72,1,81,2,0.07,West
4945,Male,63,Platinum,4,756.23,1,33,3,0.61,West
4946,Female,55,Platinum,2,360.95,1,14,3,0.94,East
4947,Male,59,Gold,3,943.48,0,54,4,0.29,East
4948,Female,41,Gold,3,786.95,1,55,4,0.39,North
4949,Male,35,Basic,2,606.07,0,37,4,0.59,East
4950,Male,44,Gold,4,801.82,1,88,5,0.09,West
4951,Female,58,Silver,2,461.8,0,84,4,0.95,South
4952,Female,25,Platinum,3,726.69,0,6,3,0.47,West
4953,Male,45,Basic,2,309.81,0,33,1,0.12,South
4954,Female,27,Silver,9,553.92,0,50,3,0.34,West
4955,Male,34,Silver,3,804.63,0,75,1,0.37,South
4956,Male,46,Silver,3,531.27,1,84,3,0.35,South
4957,Female,23,Basic,6,537.85,0,70,4,0.69,North
4958,Male,31,Silver,3,509.39,0,72,3,0.35,South
4959,Male,39,Gold,8,570.42,0,83,2,0.32,North
4960,Female,23,Silver,6,448.23,0,79,5,0.32,West
4961,Female,43,Basic,6,837.29,0,86,5,0.78,West
4962,Male,56,Gold,9,420.13,1,51,4,0.31,South
4963,Female,29,Basic,6,648.59,0,66,2,0.01,West
4964,Female,52,Basic,2,726.84,1,61,5,0.37,East
4965,Female,31,Silver,2,489.63,0,28,4,0.28,East
4966,Female,39,Gold,2,381.57,1,44,3,0.91,East
4967,Male,40,Silver,3,513.3,0,82,4,0.48,West
4968,Male,24,Silver,2,540.63,1,12,1,0.23,East
4969,Male,57,Basic,5,737.83,1,83,5,0.98,North
4970,Female,42,Silver,4,577.82,0,57,5,0.25,West
4971,Female,30,Basic,5,600.38,0,26,3,0.76,East
4972,Female,38,Platinum,4,389.21,0,25,3,0.65,West
4973,Female,58,Gold,5,570.93,1,15,3,0.46,East
4974,Female,27,Silver,4,815.47,0,74,5,0.41,North
4975,Female,26,Silver,1,764.44,0,77,3,0.87,South
4976,Female,32,Gold,2,524.55,0,80,1,0.48,North
4977,Male,19,Silver,3,724.52,1,53,3,0.38,South
4978,Male,42,Basic,3,578.99,0,65,3,0.35,East
4979,Female,30,Basic,2,675.63,1,54,5,0.28,North
4980,Female,51,Silver,9,555.82,1,87,5,0.41,South
4981,Female,51,Platinum,4,455.01,1,78,3,0.12,North
4982,Male,52,Basic,6,447.36,1,39,1,0.07,West
4983,Male,55,Basic,1,679.04,0,51,4,0.54,South
4984,Female,20,Silver,0,203.02,1,20,5,0.45,East
4985,Female,59,Gold,4,759.66,0,64,3,0.17,West
4986,Male,23,Basic,5,563.95,0,89,3,0.11,East
4987,Male,36,Basic,3,503.63,1,11,3,0.14,East
4988,Male,20,Silver,1,749.81,0,52,3,0.32,West
4989,Male,35,Silver,2,184.98,1,85,5,0.45,South
4990,Female,56,Basic,4,669.32,0,54,3,0.19,West
4991,Male,26,Basic,10,846.1,0,69,3,0.76,East
4992,Male,29,Silver,6,394.23,0,7,5,0.19,North
4993,Female,22,Silver,3,531.82,0,12,5,0.12,South
4994,Male,20,Platinum,3,667.88,0,2,3,0.99,North
4995,Male,28,Silver,5,364.39,0,21,3,0.45,South
4996,Male,47,Basic,5,636.91,1,69,5,0.17,South
4997,Female,21,Silver,4,1003.11,1,76,4,0.89,North
4998,Male,22,Silver,6,649.08,0,36,4,0.23,East
4999,Female,18,Basic,5,644.11,0,21,3,0.93,West
5000,Female,44,Platinum,4,419.42,1,53,2,0.12,North
